# danken Kokubu - ROOF, plan 910 (no Y2 girder, all @910)
# Core EI factor for skin composite: 1.55 (E of the core material scaled; stresses are checked on the core alone)
# Per roof-structure study §16-§23. Supports at Y1/Y2/Y3/Y4/Y5 are rigid line supports.
# Outer edge: eave-tip tie girders 120x180 E105-F300 (north y=16.0, west x=-3.1), continuous over steel posts (cols13c layout of the steel column thread: 11 tip posts + D1/D2).
# Units: m, kN, N/mm2. Roof nodes on z = 6.435 - 0.258*y.

# --- MATERIAL(MATE) ---
MATE, 1, Sugi_E70_core, 10850, 467, 4.0, 5e-06, 22.2
MATE, 2, Sugi_E70, 7000, 467, 4.0, 5e-06, 22.2
MATE, 3, GL_E105F300, 10500, 700, 5.0, 5e-06, 30

# --- SECTION(SECT) ---
SECT, 1, CORE105x180, 1, 0, 105.0, 180.0
SECT, 2, S105x180, 2, 0, 105.0, 180.0
SECT, 3, S210x180, 2, 0, 210.0, 180.0
SECT, 4, GL120x180, 3, 0, 120.0, 180.0

# --- NODE ---
NODE, 1, 0.9100, 0.0000, 6.4350
NODE, 2, 0.9100, 0.5000, 6.3060
NODE, 3, 0.9100, 1.0000, 6.1770
NODE, 4, 0.9100, 1.5000, 6.0480
NODE, 5, 0.9100, 2.0000, 5.9190
NODE, 6, 0.9100, 2.5000, 5.7900
NODE, 7, 0.9100, 3.0000, 5.6610
NODE, 8, 0.9100, 3.5000, 5.5320
NODE, 9, 0.9100, 4.0000, 5.4030
NODE, 10, 0.9100, 4.5000, 5.2740
NODE, 11, 0.9100, 5.0000, 5.1450
NODE, 12, 0.9100, 5.5000, 5.0160
NODE, 13, 0.9100, 6.0000, 4.8870
NODE, 14, 0.9100, 6.5000, 4.7580
NODE, 15, 0.9100, 7.0000, 4.6290
NODE, 16, 0.9100, 7.5000, 4.5000
NODE, 17, 0.9100, 8.0000, 4.3710
NODE, 18, 1.8200, 0.0000, 6.4350
NODE, 19, 1.8200, 0.5000, 6.3060
NODE, 20, 1.8200, 1.0000, 6.1770
NODE, 21, 1.8200, 1.5000, 6.0480
NODE, 22, 1.8200, 2.0000, 5.9190
NODE, 23, 1.8200, 2.5000, 5.7900
NODE, 24, 1.8200, 3.0000, 5.6610
NODE, 25, 1.8200, 3.5000, 5.5320
NODE, 26, 1.8200, 4.0000, 5.4030
NODE, 27, 1.8200, 4.5000, 5.2740
NODE, 28, 1.8200, 5.0000, 5.1450
NODE, 29, 1.8200, 5.5000, 5.0160
NODE, 30, 1.8200, 6.0000, 4.8870
NODE, 31, 1.8200, 6.5000, 4.7580
NODE, 32, 1.8200, 7.0000, 4.6290
NODE, 33, 1.8200, 7.5000, 4.5000
NODE, 34, 1.8200, 8.0000, 4.3710
NODE, 35, 2.7300, 0.0000, 6.4350
NODE, 36, 2.7300, 0.5000, 6.3060
NODE, 37, 2.7300, 1.0000, 6.1770
NODE, 38, 2.7300, 1.5000, 6.0480
NODE, 39, 2.7300, 2.0000, 5.9190
NODE, 40, 2.7300, 2.5000, 5.7900
NODE, 41, 2.7300, 3.0000, 5.6610
NODE, 42, 2.7300, 3.5000, 5.5320
NODE, 43, 2.7300, 4.0000, 5.4030
NODE, 44, 2.7300, 4.5000, 5.2740
NODE, 45, 2.7300, 5.0000, 5.1450
NODE, 46, 2.7300, 5.5000, 5.0160
NODE, 47, 2.7300, 6.0000, 4.8870
NODE, 48, 2.7300, 6.5000, 4.7580
NODE, 49, 2.7300, 7.0000, 4.6290
NODE, 50, 2.7300, 7.5000, 4.5000
NODE, 51, 2.7300, 8.0000, 4.3710
NODE, 52, 3.6400, 0.0000, 6.4350
NODE, 53, 3.6400, 0.5000, 6.3060
NODE, 54, 3.6400, 1.0000, 6.1770
NODE, 55, 3.6400, 1.5000, 6.0480
NODE, 56, 3.6400, 2.0000, 5.9190
NODE, 57, 3.6400, 2.5000, 5.7900
NODE, 58, 3.6400, 3.0000, 5.6610
NODE, 59, 3.6400, 3.5000, 5.5320
NODE, 60, 3.6400, 4.0000, 5.4030
NODE, 61, 3.6400, 4.5000, 5.2740
NODE, 62, 3.6400, 5.0000, 5.1450
NODE, 63, 3.6400, 5.5000, 5.0160
NODE, 64, 3.6400, 6.0000, 4.8870
NODE, 65, 3.6400, 6.5000, 4.7580
NODE, 66, 3.6400, 7.0000, 4.6290
NODE, 67, 3.6400, 7.5000, 4.5000
NODE, 68, 3.6400, 8.0000, 4.3710
NODE, 69, 4.5500, 0.0000, 6.4350
NODE, 70, 4.5500, 0.5000, 6.3060
NODE, 71, 4.5500, 1.0000, 6.1770
NODE, 72, 4.5500, 1.5000, 6.0480
NODE, 73, 4.5500, 2.0000, 5.9190
NODE, 74, 4.5500, 2.5000, 5.7900
NODE, 75, 4.5500, 3.0000, 5.6610
NODE, 76, 4.5500, 3.5000, 5.5320
NODE, 77, 4.5500, 4.0000, 5.4030
NODE, 78, 4.5500, 4.5000, 5.2740
NODE, 79, 4.5500, 5.0000, 5.1450
NODE, 80, 4.5500, 5.5000, 5.0160
NODE, 81, 4.5500, 6.0000, 4.8870
NODE, 82, 4.5500, 6.5000, 4.7580
NODE, 83, 4.5500, 7.0000, 4.6290
NODE, 84, 4.5500, 7.5000, 4.5000
NODE, 85, 4.5500, 8.0000, 4.3710
NODE, 86, 5.4600, 0.0000, 6.4350
NODE, 87, 5.4600, 0.5000, 6.3060
NODE, 88, 5.4600, 1.0000, 6.1770
NODE, 89, 5.4600, 1.5000, 6.0480
NODE, 90, 5.4600, 2.0000, 5.9190
NODE, 91, 5.4600, 2.5000, 5.7900
NODE, 92, 5.4600, 3.0000, 5.6610
NODE, 93, 5.4600, 3.5000, 5.5320
NODE, 94, 5.4600, 4.0000, 5.4030
NODE, 95, 5.4600, 4.5000, 5.2740
NODE, 96, 5.4600, 5.0000, 5.1450
NODE, 97, 5.4600, 5.5000, 5.0160
NODE, 98, 5.4600, 6.0000, 4.8870
NODE, 99, 5.4600, 6.5000, 4.7580
NODE, 100, 5.4600, 7.0000, 4.6290
NODE, 101, 5.4600, 7.5000, 4.5000
NODE, 102, 5.4600, 8.0000, 4.3710
NODE, 103, 6.3700, 0.0000, 6.4350
NODE, 104, 6.3700, 0.5000, 6.3060
NODE, 105, 6.3700, 1.0000, 6.1770
NODE, 106, 6.3700, 1.5000, 6.0480
NODE, 107, 6.3700, 2.0000, 5.9190
NODE, 108, 6.3700, 2.5000, 5.7900
NODE, 109, 6.3700, 3.0000, 5.6610
NODE, 110, 6.3700, 3.5000, 5.5320
NODE, 111, 6.3700, 4.0000, 5.4030
NODE, 112, 6.3700, 4.5000, 5.2740
NODE, 113, 6.3700, 5.0000, 5.1450
NODE, 114, 6.3700, 5.5000, 5.0160
NODE, 115, 6.3700, 6.0000, 4.8870
NODE, 116, 6.3700, 6.5000, 4.7580
NODE, 117, 6.3700, 7.0000, 4.6290
NODE, 118, 6.3700, 7.5000, 4.5000
NODE, 119, 6.3700, 8.0000, 4.3710
NODE, 120, 7.2800, 0.0000, 6.4350
NODE, 121, 7.2800, 0.5000, 6.3060
NODE, 122, 7.2800, 1.0000, 6.1770
NODE, 123, 7.2800, 1.5000, 6.0480
NODE, 124, 7.2800, 2.0000, 5.9190
NODE, 125, 7.2800, 2.5000, 5.7900
NODE, 126, 7.2800, 3.0000, 5.6610
NODE, 127, 7.2800, 3.5000, 5.5320
NODE, 128, 7.2800, 4.0000, 5.4030
NODE, 129, 7.2800, 4.5000, 5.2740
NODE, 130, 7.2800, 5.0000, 5.1450
NODE, 131, 7.2800, 5.5000, 5.0160
NODE, 132, 7.2800, 6.0000, 4.8870
NODE, 133, 7.2800, 6.5000, 4.7580
NODE, 134, 7.2800, 7.0000, 4.6290
NODE, 135, 7.2800, 7.5000, 4.5000
NODE, 136, 7.2800, 8.0000, 4.3710
NODE, 137, 8.1900, 0.0000, 6.4350
NODE, 138, 8.1900, 0.5000, 6.3060
NODE, 139, 8.1900, 1.0000, 6.1770
NODE, 140, 8.1900, 1.5000, 6.0480
NODE, 141, 8.1900, 2.0000, 5.9190
NODE, 142, 8.1900, 2.5000, 5.7900
NODE, 143, 8.1900, 3.0000, 5.6610
NODE, 144, 8.1900, 3.5000, 5.5320
NODE, 145, 8.1900, 4.0000, 5.4030
NODE, 146, 8.1900, 4.5000, 5.2740
NODE, 147, 8.1900, 5.0000, 5.1450
NODE, 148, 8.1900, 5.5000, 5.0160
NODE, 149, 8.1900, 6.0000, 4.8870
NODE, 150, 8.1900, 6.5000, 4.7580
NODE, 151, 8.1900, 7.0000, 4.6290
NODE, 152, 8.1900, 7.5000, 4.5000
NODE, 153, 8.1900, 8.0000, 4.3710
NODE, 154, 9.1000, 2.5000, 5.7900
NODE, 155, 9.1000, 3.0000, 5.6610
NODE, 156, 9.1000, 3.5000, 5.5320
NODE, 157, 9.1000, 4.0000, 5.4030
NODE, 158, 9.1000, 4.5000, 5.2740
NODE, 159, 9.1000, 5.0000, 5.1450
NODE, 160, 9.1000, 5.5000, 5.0160
NODE, 161, 9.1000, 6.0000, 4.8870
NODE, 162, 9.1000, 6.5000, 4.7580
NODE, 163, 9.1000, 7.0000, 4.6290
NODE, 164, 9.1000, 7.5000, 4.5000
NODE, 165, 9.1000, 8.0000, 4.3710
NODE, 166, 10.0100, 2.5000, 5.7900
NODE, 167, 10.0100, 3.0000, 5.6610
NODE, 168, 10.0100, 3.5000, 5.5320
NODE, 169, 10.0100, 4.0000, 5.4030
NODE, 170, 10.0100, 4.5000, 5.2740
NODE, 171, 10.0100, 5.0000, 5.1450
NODE, 172, 10.0100, 5.5000, 5.0160
NODE, 173, 10.0100, 6.0000, 4.8870
NODE, 174, 10.0100, 6.5000, 4.7580
NODE, 175, 10.0100, 7.0000, 4.6290
NODE, 176, 10.0100, 7.5000, 4.5000
NODE, 177, 10.0100, 8.0000, 4.3710
NODE, 178, 10.9200, 2.5000, 5.7900
NODE, 179, 10.9200, 3.0000, 5.6610
NODE, 180, 10.9200, 3.5000, 5.5320
NODE, 181, 10.9200, 4.0000, 5.4030
NODE, 182, 10.9200, 4.5000, 5.2740
NODE, 183, 10.9200, 5.0000, 5.1450
NODE, 184, 10.9200, 5.5000, 5.0160
NODE, 185, 10.9200, 6.0000, 4.8870
NODE, 186, 10.9200, 6.5000, 4.7580
NODE, 187, 10.9200, 7.0000, 4.6290
NODE, 188, 10.9200, 7.5000, 4.5000
NODE, 189, 10.9200, 8.0000, 4.3710
NODE, 190, 11.8300, 2.5000, 5.7900
NODE, 191, 11.8300, 3.0000, 5.6610
NODE, 192, 11.8300, 3.5000, 5.5320
NODE, 193, 11.8300, 4.0000, 5.4030
NODE, 194, 11.8300, 4.5000, 5.2740
NODE, 195, 11.8300, 5.0000, 5.1450
NODE, 196, 11.8300, 5.5000, 5.0160
NODE, 197, 11.8300, 6.0000, 4.8870
NODE, 198, 11.8300, 6.5000, 4.7580
NODE, 199, 11.8300, 7.0000, 4.6290
NODE, 200, 11.8300, 7.5000, 4.5000
NODE, 201, 11.8300, 8.0000, 4.3710
NODE, 202, 12.7400, 0.0000, 6.4350
NODE, 203, 12.7400, 0.5000, 6.3060
NODE, 204, 12.7400, 1.0000, 6.1770
NODE, 205, 12.7400, 1.5000, 6.0480
NODE, 206, 12.7400, 2.0000, 5.9190
NODE, 207, 12.7400, 2.5000, 5.7900
NODE, 208, 12.7400, 3.0000, 5.6610
NODE, 209, 12.7400, 3.5000, 5.5320
NODE, 210, 12.7400, 4.0000, 5.4030
NODE, 211, 12.7400, 4.5000, 5.2740
NODE, 212, 12.7400, 5.0000, 5.1450
NODE, 213, 12.7400, 5.5000, 5.0160
NODE, 214, 12.7400, 6.0000, 4.8870
NODE, 215, 12.7400, 6.5000, 4.7580
NODE, 216, 12.7400, 7.0000, 4.6290
NODE, 217, 12.7400, 7.5000, 4.5000
NODE, 218, 12.7400, 8.0000, 4.3710
NODE, 219, 13.6500, 0.0000, 6.4350
NODE, 220, 13.6500, 0.5000, 6.3060
NODE, 221, 13.6500, 1.0000, 6.1770
NODE, 222, 13.6500, 1.5000, 6.0480
NODE, 223, 13.6500, 2.0000, 5.9190
NODE, 224, 13.6500, 2.5000, 5.7900
NODE, 225, 13.6500, 3.0000, 5.6610
NODE, 226, 13.6500, 3.5000, 5.5320
NODE, 227, 13.6500, 4.0000, 5.4030
NODE, 228, 13.6500, 4.5000, 5.2740
NODE, 229, 13.6500, 5.0000, 5.1450
NODE, 230, 13.6500, 5.5000, 5.0160
NODE, 231, 13.6500, 6.0000, 4.8870
NODE, 232, 13.6500, 6.5000, 4.7580
NODE, 233, 13.6500, 7.0000, 4.6290
NODE, 234, 13.6500, 7.5000, 4.5000
NODE, 235, 13.6500, 8.0000, 4.3710
NODE, 236, 14.5600, 0.0000, 6.4350
NODE, 237, 14.5600, 0.5000, 6.3060
NODE, 238, 14.5600, 1.0000, 6.1770
NODE, 239, 14.5600, 1.5000, 6.0480
NODE, 240, 14.5600, 2.0000, 5.9190
NODE, 241, 14.5600, 2.5000, 5.7900
NODE, 242, 14.5600, 3.0000, 5.6610
NODE, 243, 14.5600, 3.5000, 5.5320
NODE, 244, 14.5600, 4.0000, 5.4030
NODE, 245, 14.5600, 4.5000, 5.2740
NODE, 246, 14.5600, 5.0000, 5.1450
NODE, 247, 14.5600, 5.5000, 5.0160
NODE, 248, 14.5600, 6.0000, 4.8870
NODE, 249, 14.5600, 6.5000, 4.7580
NODE, 250, 14.5600, 7.0000, 4.6290
NODE, 251, 14.5600, 7.5000, 4.5000
NODE, 252, 14.5600, 8.0000, 4.3710
NODE, 253, 15.4700, 0.0000, 6.4350
NODE, 254, 15.4700, 0.5000, 6.3060
NODE, 255, 15.4700, 1.0000, 6.1770
NODE, 256, 15.4700, 1.5000, 6.0480
NODE, 257, 15.4700, 2.0000, 5.9190
NODE, 258, 15.4700, 2.5000, 5.7900
NODE, 259, 15.4700, 3.0000, 5.6610
NODE, 260, 15.4700, 3.5000, 5.5320
NODE, 261, 15.4700, 4.0000, 5.4030
NODE, 262, 15.4700, 4.5000, 5.2740
NODE, 263, 15.4700, 5.0000, 5.1450
NODE, 264, 15.4700, 5.5000, 5.0160
NODE, 265, 15.4700, 6.0000, 4.8870
NODE, 266, 15.4700, 6.5000, 4.7580
NODE, 267, 15.4700, 7.0000, 4.6290
NODE, 268, 15.4700, 7.5000, 4.5000
NODE, 269, 15.4700, 8.0000, 4.3710
NODE, 270, 16.3800, 0.0000, 6.4350
NODE, 271, 16.3800, 0.5000, 6.3060
NODE, 272, 16.3800, 1.0000, 6.1770
NODE, 273, 16.3800, 1.5000, 6.0480
NODE, 274, 16.3800, 2.0000, 5.9190
NODE, 275, 16.3800, 2.5000, 5.7900
NODE, 276, 16.3800, 3.0000, 5.6610
NODE, 277, 16.3800, 3.5000, 5.5320
NODE, 278, 16.3800, 4.0000, 5.4030
NODE, 279, 16.3800, 4.5000, 5.2740
NODE, 280, 16.3800, 5.0000, 5.1450
NODE, 281, 16.3800, 5.5000, 5.0160
NODE, 282, 16.3800, 6.0000, 4.8870
NODE, 283, 16.3800, 6.5000, 4.7580
NODE, 284, 16.3800, 7.0000, 4.6290
NODE, 285, 16.3800, 7.5000, 4.5000
NODE, 286, 16.3800, 8.0000, 4.3710
NODE, 287, 17.2900, 0.0000, 6.4350
NODE, 288, 17.2900, 0.5000, 6.3060
NODE, 289, 17.2900, 1.0000, 6.1770
NODE, 290, 17.2900, 1.5000, 6.0480
NODE, 291, 17.2900, 2.0000, 5.9190
NODE, 292, 17.2900, 2.5000, 5.7900
NODE, 293, 17.2900, 3.0000, 5.6610
NODE, 294, 17.2900, 3.5000, 5.5320
NODE, 295, 17.2900, 4.0000, 5.4030
NODE, 296, 17.2900, 4.5000, 5.2740
NODE, 297, 17.2900, 5.0000, 5.1450
NODE, 298, 17.2900, 5.5000, 5.0160
NODE, 299, 17.2900, 6.0000, 4.8870
NODE, 300, 17.2900, 6.5000, 4.7580
NODE, 301, 17.2900, 7.0000, 4.6290
NODE, 302, 17.2900, 7.5000, 4.5000
NODE, 303, 17.2900, 8.0000, 4.3710
NODE, 304, 18.2000, 0.0000, 6.4350
NODE, 305, 18.2000, 0.5000, 6.3060
NODE, 306, 18.2000, 1.0000, 6.1770
NODE, 307, 18.2000, 1.5000, 6.0480
NODE, 308, 18.2000, 2.0000, 5.9190
NODE, 309, 18.2000, 2.5000, 5.7900
NODE, 310, 18.2000, 3.0000, 5.6610
NODE, 311, 18.2000, 3.5000, 5.5320
NODE, 312, 18.2000, 4.0000, 5.4030
NODE, 313, 18.2000, 4.5000, 5.2740
NODE, 314, 18.2000, 5.0000, 5.1450
NODE, 315, 18.2000, 5.5000, 5.0160
NODE, 316, 18.2000, 6.0000, 4.8870
NODE, 317, 18.2000, 6.5000, 4.7580
NODE, 318, 18.2000, 7.0000, 4.6290
NODE, 319, 18.2000, 7.5000, 4.5000
NODE, 320, 18.2000, 8.0000, 4.3710
NODE, 321, 19.1100, 0.0000, 6.4350
NODE, 322, 19.1100, 0.5000, 6.3060
NODE, 323, 19.1100, 1.0000, 6.1770
NODE, 324, 19.1100, 1.5000, 6.0480
NODE, 325, 19.1100, 2.0000, 5.9190
NODE, 326, 19.1100, 2.5000, 5.7900
NODE, 327, 19.1100, 3.0000, 5.6610
NODE, 328, 19.1100, 3.5000, 5.5320
NODE, 329, 19.1100, 4.0000, 5.4030
NODE, 330, 19.1100, 4.5000, 5.2740
NODE, 331, 19.1100, 5.0000, 5.1450
NODE, 332, 19.1100, 5.5000, 5.0160
NODE, 333, 19.1100, 6.0000, 4.8870
NODE, 334, 19.1100, 6.5000, 4.7580
NODE, 335, 19.1100, 7.0000, 4.6290
NODE, 336, 19.1100, 7.5000, 4.5000
NODE, 337, 19.1100, 8.0000, 4.3710
NODE, 338, 20.0200, 0.0000, 6.4350
NODE, 339, 20.0200, 0.5000, 6.3060
NODE, 340, 20.0200, 1.0000, 6.1770
NODE, 341, 20.0200, 1.5000, 6.0480
NODE, 342, 20.0200, 2.0000, 5.9190
NODE, 343, 20.0200, 2.5000, 5.7900
NODE, 344, 20.0200, 3.0000, 5.6610
NODE, 345, 20.0200, 3.5000, 5.5320
NODE, 346, 20.0200, 4.0000, 5.4030
NODE, 347, 20.0200, 4.5000, 5.2740
NODE, 348, 20.0200, 5.0000, 5.1450
NODE, 349, 20.0200, 5.5000, 5.0160
NODE, 350, 20.0200, 6.0000, 4.8870
NODE, 351, 20.0200, 6.5000, 4.7580
NODE, 352, 20.0200, 7.0000, 4.6290
NODE, 353, 20.0200, 7.5000, 4.5000
NODE, 354, 20.0200, 8.0000, 4.3710
NODE, 355, 20.9300, 0.0000, 6.4350
NODE, 356, 20.9300, 0.5000, 6.3060
NODE, 357, 20.9300, 1.0000, 6.1770
NODE, 358, 20.9300, 1.5000, 6.0480
NODE, 359, 20.9300, 2.0000, 5.9190
NODE, 360, 20.9300, 2.5000, 5.7900
NODE, 361, 20.9300, 3.0000, 5.6610
NODE, 362, 20.9300, 3.5000, 5.5320
NODE, 363, 20.9300, 4.0000, 5.4030
NODE, 364, 20.9300, 4.5000, 5.2740
NODE, 365, 20.9300, 5.0000, 5.1450
NODE, 366, 20.9300, 5.5000, 5.0160
NODE, 367, 20.9300, 6.0000, 4.8870
NODE, 368, 20.9300, 6.5000, 4.7580
NODE, 369, 20.9300, 7.0000, 4.6290
NODE, 370, 20.9300, 7.5000, 4.5000
NODE, 371, 20.9300, 8.0000, 4.3710
NODE, 372, 21.8400, 0.0000, 6.4350
NODE, 373, 21.8400, 0.5000, 6.3060
NODE, 374, 21.8400, 1.0000, 6.1770
NODE, 375, 21.8400, 1.5000, 6.0480
NODE, 376, 21.8400, 2.0000, 5.9190
NODE, 377, 21.8400, 2.5000, 5.7900
NODE, 378, 21.8400, 3.0000, 5.6610
NODE, 379, 21.8400, 3.5000, 5.5320
NODE, 380, 21.8400, 4.0000, 5.4030
NODE, 381, 21.8400, 4.5000, 5.2740
NODE, 382, 21.8400, 5.0000, 5.1450
NODE, 383, 21.8400, 5.5000, 5.0160
NODE, 384, 21.8400, 6.0000, 4.8870
NODE, 385, 21.8400, 6.5000, 4.7580
NODE, 386, 21.8400, 7.0000, 4.6290
NODE, 387, 21.8400, 7.5000, 4.5000
NODE, 388, 21.8400, 8.0000, 4.3710
NODE, 389, 22.7500, 0.0000, 6.4350
NODE, 390, 22.7500, 0.5000, 6.3060
NODE, 391, 22.7500, 1.0000, 6.1770
NODE, 392, 22.7500, 1.5000, 6.0480
NODE, 393, 22.7500, 2.0000, 5.9190
NODE, 394, 22.7500, 2.5000, 5.7900
NODE, 395, 22.7500, 3.0000, 5.6610
NODE, 396, 22.7500, 3.5000, 5.5320
NODE, 397, 22.7500, 4.0000, 5.4030
NODE, 398, 22.7500, 4.5000, 5.2740
NODE, 399, 22.7500, 5.0000, 5.1450
NODE, 400, 22.7500, 5.5000, 5.0160
NODE, 401, 22.7500, 6.0000, 4.8870
NODE, 402, 22.7500, 6.5000, 4.7580
NODE, 403, 22.7500, 7.0000, 4.6290
NODE, 404, 22.7500, 7.5000, 4.5000
NODE, 405, 22.7500, 8.0000, 4.3710
NODE, 406, 0.9100, 8.5000, 4.2420
NODE, 407, 0.9100, 9.0000, 4.1130
NODE, 408, 0.9100, 9.5000, 3.9840
NODE, 409, 0.9100, 10.0000, 3.8550
NODE, 410, 0.9100, 10.5000, 3.7260
NODE, 411, 0.9100, 11.0000, 3.5970
NODE, 412, 0.9100, 11.5000, 3.4680
NODE, 413, 0.9100, 12.0000, 3.3390
NODE, 414, 0.9100, 12.5000, 3.2100
NODE, 415, 0.9100, 13.0000, 3.0810
NODE, 416, 0.9100, 13.5000, 2.9520
NODE, 417, 0.9100, 14.0000, 2.8230
NODE, 418, 0.9100, 14.5000, 2.6940
NODE, 419, 0.9100, 15.0000, 2.5650
NODE, 420, 0.9100, 15.5000, 2.4360
NODE, 421, 0.9100, 16.0000, 2.3070
NODE, 422, 1.8200, 8.5000, 4.2420
NODE, 423, 1.8200, 9.0000, 4.1130
NODE, 424, 1.8200, 9.5000, 3.9840
NODE, 425, 1.8200, 10.0000, 3.8550
NODE, 426, 1.8200, 10.5000, 3.7260
NODE, 427, 1.8200, 11.0000, 3.5970
NODE, 428, 1.8200, 11.5000, 3.4680
NODE, 429, 1.8200, 12.0000, 3.3390
NODE, 430, 1.8200, 12.5000, 3.2100
NODE, 431, 1.8200, 13.0000, 3.0810
NODE, 432, 1.8200, 13.5000, 2.9520
NODE, 433, 1.8200, 14.0000, 2.8230
NODE, 434, 1.8200, 14.5000, 2.6940
NODE, 435, 1.8200, 15.0000, 2.5650
NODE, 436, 1.8200, 15.5000, 2.4360
NODE, 437, 1.8200, 16.0000, 2.3070
NODE, 438, 2.7300, 8.5000, 4.2420
NODE, 439, 2.7300, 9.0000, 4.1130
NODE, 440, 2.7300, 9.5000, 3.9840
NODE, 441, 2.7300, 10.0000, 3.8550
NODE, 442, 2.7300, 10.5000, 3.7260
NODE, 443, 2.7300, 11.0000, 3.5970
NODE, 444, 2.7300, 11.5000, 3.4680
NODE, 445, 2.7300, 12.0000, 3.3390
NODE, 446, 2.7300, 12.5000, 3.2100
NODE, 447, 2.7300, 13.0000, 3.0810
NODE, 448, 2.7300, 13.5000, 2.9520
NODE, 449, 2.7300, 14.0000, 2.8230
NODE, 450, 2.7300, 14.5000, 2.6940
NODE, 451, 2.7300, 15.0000, 2.5650
NODE, 452, 2.7300, 15.5000, 2.4360
NODE, 453, 2.7300, 16.0000, 2.3070
NODE, 454, 3.6400, 8.5000, 4.2420
NODE, 455, 3.6400, 9.0000, 4.1130
NODE, 456, 3.6400, 9.5000, 3.9840
NODE, 457, 3.6400, 10.0000, 3.8550
NODE, 458, 3.6400, 10.5000, 3.7260
NODE, 459, 3.6400, 11.0000, 3.5970
NODE, 460, 3.6400, 11.5000, 3.4680
NODE, 461, 3.6400, 12.0000, 3.3390
NODE, 462, 3.6400, 12.5000, 3.2100
NODE, 463, 3.6400, 13.0000, 3.0810
NODE, 464, 3.6400, 13.5000, 2.9520
NODE, 465, 3.6400, 14.0000, 2.8230
NODE, 466, 3.6400, 14.5000, 2.6940
NODE, 467, 3.6400, 15.0000, 2.5650
NODE, 468, 3.6400, 15.5000, 2.4360
NODE, 469, 3.6400, 16.0000, 2.3070
NODE, 470, 4.5500, 8.5000, 4.2420
NODE, 471, 4.5500, 9.0000, 4.1130
NODE, 472, 4.5500, 9.5000, 3.9840
NODE, 473, 4.5500, 10.0000, 3.8550
NODE, 474, 4.5500, 10.5000, 3.7260
NODE, 475, 4.5500, 11.0000, 3.5970
NODE, 476, 4.5500, 11.5000, 3.4680
NODE, 477, 4.5500, 12.0000, 3.3390
NODE, 478, 4.5500, 12.5000, 3.2100
NODE, 479, 4.5500, 13.0000, 3.0810
NODE, 480, 4.5500, 13.5000, 2.9520
NODE, 481, 4.5500, 14.0000, 2.8230
NODE, 482, 4.5500, 14.5000, 2.6940
NODE, 483, 4.5500, 15.0000, 2.5650
NODE, 484, 4.5500, 15.5000, 2.4360
NODE, 485, 4.5500, 16.0000, 2.3070
NODE, 486, 5.4600, 8.5000, 4.2420
NODE, 487, 5.4600, 9.0000, 4.1130
NODE, 488, 5.4600, 9.5000, 3.9840
NODE, 489, 5.4600, 10.0000, 3.8550
NODE, 490, 5.4600, 10.5000, 3.7260
NODE, 491, 5.4600, 11.0000, 3.5970
NODE, 492, 5.4600, 11.5000, 3.4680
NODE, 493, 5.4600, 12.0000, 3.3390
NODE, 494, 5.4600, 12.5000, 3.2100
NODE, 495, 5.4600, 13.0000, 3.0810
NODE, 496, 5.4600, 13.5000, 2.9520
NODE, 497, 5.4600, 14.0000, 2.8230
NODE, 498, 5.4600, 14.5000, 2.6940
NODE, 499, 5.4600, 15.0000, 2.5650
NODE, 500, 5.4600, 15.5000, 2.4360
NODE, 501, 5.4600, 16.0000, 2.3070
NODE, 502, 6.3700, 8.5000, 4.2420
NODE, 503, 6.3700, 9.0000, 4.1130
NODE, 504, 6.3700, 9.5000, 3.9840
NODE, 505, 6.3700, 10.0000, 3.8550
NODE, 506, 6.3700, 10.5000, 3.7260
NODE, 507, 6.3700, 11.0000, 3.5970
NODE, 508, 6.3700, 11.5000, 3.4680
NODE, 509, 6.3700, 12.0000, 3.3390
NODE, 510, 6.3700, 12.5000, 3.2100
NODE, 511, 6.3700, 13.0000, 3.0810
NODE, 512, 6.3700, 13.5000, 2.9520
NODE, 513, 6.3700, 14.0000, 2.8230
NODE, 514, 6.3700, 14.5000, 2.6940
NODE, 515, 6.3700, 15.0000, 2.5650
NODE, 516, 6.3700, 15.5000, 2.4360
NODE, 517, 6.3700, 16.0000, 2.3070
NODE, 518, 7.2800, 8.5000, 4.2420
NODE, 519, 7.2800, 9.0000, 4.1130
NODE, 520, 7.2800, 9.5000, 3.9840
NODE, 521, 7.2800, 10.0000, 3.8550
NODE, 522, 7.2800, 10.5000, 3.7260
NODE, 523, 7.2800, 11.0000, 3.5970
NODE, 524, 7.2800, 11.5000, 3.4680
NODE, 525, 7.2800, 12.0000, 3.3390
NODE, 526, 7.2800, 12.5000, 3.2100
NODE, 527, 7.2800, 13.0000, 3.0810
NODE, 528, 7.2800, 13.5000, 2.9520
NODE, 529, 7.2800, 14.0000, 2.8230
NODE, 530, 7.2800, 14.5000, 2.6940
NODE, 531, 7.2800, 15.0000, 2.5650
NODE, 532, 7.2800, 15.5000, 2.4360
NODE, 533, 7.2800, 16.0000, 2.3070
NODE, 534, 8.1900, 8.5000, 4.2420
NODE, 535, 8.1900, 9.0000, 4.1130
NODE, 536, 8.1900, 9.5000, 3.9840
NODE, 537, 8.1900, 10.0000, 3.8550
NODE, 538, 8.1900, 10.5000, 3.7260
NODE, 539, 8.1900, 11.0000, 3.5970
NODE, 540, 8.1900, 11.5000, 3.4680
NODE, 541, 8.1900, 12.0000, 3.3390
NODE, 542, 8.1900, 12.5000, 3.2100
NODE, 543, 8.1900, 13.0000, 3.0810
NODE, 544, 8.1900, 13.5000, 2.9520
NODE, 545, 8.1900, 14.0000, 2.8230
NODE, 546, 8.1900, 14.5000, 2.6940
NODE, 547, 8.1900, 15.0000, 2.5650
NODE, 548, 8.1900, 15.5000, 2.4360
NODE, 549, 8.1900, 16.0000, 2.3070
NODE, 550, 9.1000, 8.5000, 4.2420
NODE, 551, 9.1000, 9.0000, 4.1130
NODE, 552, 9.1000, 9.5000, 3.9840
NODE, 553, 9.1000, 10.0000, 3.8550
NODE, 554, 9.1000, 10.5000, 3.7260
NODE, 555, 9.1000, 11.0000, 3.5970
NODE, 556, 9.1000, 11.5000, 3.4680
NODE, 557, 9.1000, 12.0000, 3.3390
NODE, 558, 9.1000, 12.5000, 3.2100
NODE, 559, 9.1000, 13.0000, 3.0810
NODE, 560, 9.1000, 13.5000, 2.9520
NODE, 561, 9.1000, 14.0000, 2.8230
NODE, 562, 9.1000, 14.5000, 2.6940
NODE, 563, 9.1000, 15.0000, 2.5650
NODE, 564, 9.1000, 15.5000, 2.4360
NODE, 565, 9.1000, 16.0000, 2.3070
NODE, 566, 10.0100, 8.5000, 4.2420
NODE, 567, 10.0100, 9.0000, 4.1130
NODE, 568, 10.0100, 9.5000, 3.9840
NODE, 569, 10.0100, 10.0000, 3.8550
NODE, 570, 10.0100, 10.5000, 3.7260
NODE, 571, 10.0100, 11.0000, 3.5970
NODE, 572, 10.0100, 11.5000, 3.4680
NODE, 573, 10.0100, 12.0000, 3.3390
NODE, 574, 10.0100, 12.5000, 3.2100
NODE, 575, 10.0100, 13.0000, 3.0810
NODE, 576, 10.0100, 13.5000, 2.9520
NODE, 577, 10.0100, 14.0000, 2.8230
NODE, 578, 10.0100, 14.5000, 2.6940
NODE, 579, 10.0100, 15.0000, 2.5650
NODE, 580, 10.0100, 15.5000, 2.4360
NODE, 581, 10.0100, 16.0000, 2.3070
NODE, 582, 10.9200, 8.5000, 4.2420
NODE, 583, 10.9200, 9.0000, 4.1130
NODE, 584, 10.9200, 9.5000, 3.9840
NODE, 585, 10.9200, 10.0000, 3.8550
NODE, 586, 10.9200, 10.5000, 3.7260
NODE, 587, 10.9200, 11.0000, 3.5970
NODE, 588, 10.9200, 11.5000, 3.4680
NODE, 589, 10.9200, 12.0000, 3.3390
NODE, 590, 10.9200, 12.5000, 3.2100
NODE, 591, 10.9200, 13.0000, 3.0810
NODE, 592, 10.9200, 13.5000, 2.9520
NODE, 593, 10.9200, 14.0000, 2.8230
NODE, 594, 10.9200, 14.5000, 2.6940
NODE, 595, 10.9200, 15.0000, 2.5650
NODE, 596, 10.9200, 15.5000, 2.4360
NODE, 597, 10.9200, 16.0000, 2.3070
NODE, 598, 11.8300, 8.5000, 4.2420
NODE, 599, 11.8300, 9.0000, 4.1130
NODE, 600, 11.8300, 9.5000, 3.9840
NODE, 601, 11.8300, 10.0000, 3.8550
NODE, 602, 11.8300, 10.5000, 3.7260
NODE, 603, 11.8300, 11.0000, 3.5970
NODE, 604, 11.8300, 11.5000, 3.4680
NODE, 605, 11.8300, 12.0000, 3.3390
NODE, 606, 11.8300, 12.5000, 3.2100
NODE, 607, 11.8300, 13.0000, 3.0810
NODE, 608, 11.8300, 13.5000, 2.9520
NODE, 609, 11.8300, 14.0000, 2.8230
NODE, 610, 11.8300, 14.5000, 2.6940
NODE, 611, 11.8300, 15.0000, 2.5650
NODE, 612, 11.8300, 15.5000, 2.4360
NODE, 613, 11.8300, 16.0000, 2.3070
NODE, 614, 12.7400, 8.5000, 4.2420
NODE, 615, 12.7400, 9.0000, 4.1130
NODE, 616, 12.7400, 9.5000, 3.9840
NODE, 617, 12.7400, 10.0000, 3.8550
NODE, 618, 12.7400, 10.5000, 3.7260
NODE, 619, 12.7400, 11.0000, 3.5970
NODE, 620, 12.7400, 11.5000, 3.4680
NODE, 621, 12.7400, 12.0000, 3.3390
NODE, 622, 12.7400, 12.5000, 3.2100
NODE, 623, 12.7400, 13.0000, 3.0810
NODE, 624, 12.7400, 13.5000, 2.9520
NODE, 625, 12.7400, 14.0000, 2.8230
NODE, 626, 12.7400, 14.5000, 2.6940
NODE, 627, 12.7400, 15.0000, 2.5650
NODE, 628, 12.7400, 15.5000, 2.4360
NODE, 629, 12.7400, 16.0000, 2.3070
NODE, 630, 13.6500, 8.5000, 4.2420
NODE, 631, 13.6500, 9.0000, 4.1130
NODE, 632, 13.6500, 9.5000, 3.9840
NODE, 633, 13.6500, 10.0000, 3.8550
NODE, 634, 13.6500, 10.5000, 3.7260
NODE, 635, 13.6500, 11.0000, 3.5970
NODE, 636, 13.6500, 11.5000, 3.4680
NODE, 637, 13.6500, 12.0000, 3.3390
NODE, 638, 13.6500, 12.5000, 3.2100
NODE, 639, 13.6500, 13.0000, 3.0810
NODE, 640, 13.6500, 13.5000, 2.9520
NODE, 641, 13.6500, 14.0000, 2.8230
NODE, 642, 13.6500, 14.5000, 2.6940
NODE, 643, 13.6500, 15.0000, 2.5650
NODE, 644, 13.6500, 15.5000, 2.4360
NODE, 645, 13.6500, 16.0000, 2.3070
NODE, 646, 14.5600, 8.5000, 4.2420
NODE, 647, 14.5600, 9.0000, 4.1130
NODE, 648, 14.5600, 9.5000, 3.9840
NODE, 649, 14.5600, 10.0000, 3.8550
NODE, 650, 14.5600, 10.5000, 3.7260
NODE, 651, 14.5600, 11.0000, 3.5970
NODE, 652, 14.5600, 11.5000, 3.4680
NODE, 653, 14.5600, 12.0000, 3.3390
NODE, 654, 14.5600, 12.5000, 3.2100
NODE, 655, 14.5600, 13.0000, 3.0810
NODE, 656, 14.5600, 13.4000, 2.9778
NODE, 657, 14.5600, 13.8000, 2.8746
NODE, 658, 14.5600, 14.2000, 2.7714
NODE, 659, 14.5600, 14.6500, 2.6553
NODE, 660, 14.5600, 15.1000, 2.5392
NODE, 661, 14.5600, 15.5500, 2.4231
NODE, 662, 14.5600, 16.0000, 2.3070
NODE, 663, 15.4700, 8.5000, 4.2420
NODE, 664, 15.4700, 9.0000, 4.1130
NODE, 665, 15.4700, 9.5000, 3.9840
NODE, 666, 15.4700, 10.0000, 3.8550
NODE, 667, 15.4700, 10.5000, 3.7260
NODE, 668, 15.4700, 11.0000, 3.5970
NODE, 669, 15.4700, 11.5000, 3.4680
NODE, 670, 15.4700, 12.0000, 3.3390
NODE, 671, 15.4700, 12.5000, 3.2100
NODE, 672, 15.4700, 13.0000, 3.0810
NODE, 673, 15.4700, 13.5000, 2.9520
NODE, 674, 15.4700, 14.0000, 2.8230
NODE, 675, 15.4700, 14.5000, 2.6940
NODE, 676, 15.4700, 15.0000, 2.5650
NODE, 677, 15.4700, 15.5000, 2.4360
NODE, 678, 15.4700, 16.0000, 2.3070
NODE, 679, 16.3800, 8.5000, 4.2420
NODE, 680, 16.3800, 9.0000, 4.1130
NODE, 681, 16.3800, 9.5000, 3.9840
NODE, 682, 16.3800, 10.0000, 3.8550
NODE, 683, 16.3800, 10.5000, 3.7260
NODE, 684, 16.3800, 11.0000, 3.5970
NODE, 685, 16.3800, 11.5000, 3.4680
NODE, 686, 16.3800, 12.0000, 3.3390
NODE, 687, 16.3800, 12.5000, 3.2100
NODE, 688, 16.3800, 13.0000, 3.0810
NODE, 689, 16.3800, 13.5000, 2.9520
NODE, 690, 16.3800, 14.0000, 2.8230
NODE, 691, 16.3800, 14.5000, 2.6940
NODE, 692, 16.3800, 15.0000, 2.5650
NODE, 693, 16.3800, 15.5000, 2.4360
NODE, 694, 16.3800, 16.0000, 2.3070
NODE, 695, 17.2900, 8.5000, 4.2420
NODE, 696, 17.2900, 9.0000, 4.1130
NODE, 697, 17.2900, 9.5000, 3.9840
NODE, 698, 17.2900, 10.0000, 3.8550
NODE, 699, 17.2900, 10.5000, 3.7260
NODE, 700, 17.2900, 11.0000, 3.5970
NODE, 701, 17.2900, 11.5000, 3.4680
NODE, 702, 17.2900, 12.0000, 3.3390
NODE, 703, 17.2900, 12.5000, 3.2100
NODE, 704, 17.2900, 13.0000, 3.0810
NODE, 705, 17.2900, 13.5000, 2.9520
NODE, 706, 17.2900, 14.0000, 2.8230
NODE, 707, 17.2900, 14.5000, 2.6940
NODE, 708, 17.2900, 15.0000, 2.5650
NODE, 709, 17.2900, 15.5000, 2.4360
NODE, 710, 17.2900, 16.0000, 2.3070
NODE, 711, 18.2000, 8.5000, 4.2420
NODE, 712, 18.2000, 9.0000, 4.1130
NODE, 713, 18.2000, 9.5000, 3.9840
NODE, 714, 18.2000, 10.0000, 3.8550
NODE, 715, 18.2000, 10.5000, 3.7260
NODE, 716, 18.2000, 11.0000, 3.5970
NODE, 717, 18.2000, 11.5000, 3.4680
NODE, 718, 18.2000, 12.0000, 3.3390
NODE, 719, 18.2000, 12.5000, 3.2100
NODE, 720, 18.2000, 13.0000, 3.0810
NODE, 721, 18.2000, 13.5000, 2.9520
NODE, 722, 18.2000, 14.0000, 2.8230
NODE, 723, 18.2000, 14.5000, 2.6940
NODE, 724, 18.2000, 15.0000, 2.5650
NODE, 725, 18.2000, 15.5000, 2.4360
NODE, 726, 18.2000, 16.0000, 2.3070
NODE, 727, 19.1100, 8.5000, 4.2420
NODE, 728, 19.1100, 9.0000, 4.1130
NODE, 729, 19.1100, 9.5000, 3.9840
NODE, 730, 19.1100, 10.0000, 3.8550
NODE, 731, 19.1100, 10.5000, 3.7260
NODE, 732, 19.1100, 11.0000, 3.5970
NODE, 733, 19.1100, 11.5000, 3.4680
NODE, 734, 19.1100, 12.0000, 3.3390
NODE, 735, 19.1100, 12.5000, 3.2100
NODE, 736, 19.1100, 13.0000, 3.0810
NODE, 737, 19.1100, 13.5000, 2.9520
NODE, 738, 19.1100, 14.0000, 2.8230
NODE, 739, 19.1100, 14.5000, 2.6940
NODE, 740, 19.1100, 15.0000, 2.5650
NODE, 741, 19.1100, 15.5000, 2.4360
NODE, 742, 19.1100, 16.0000, 2.3070
NODE, 743, 20.0200, 8.5000, 4.2420
NODE, 744, 20.0200, 9.0000, 4.1130
NODE, 745, 20.0200, 9.5000, 3.9840
NODE, 746, 20.0200, 10.0000, 3.8550
NODE, 747, 20.0200, 10.5000, 3.7260
NODE, 748, 20.0200, 11.0000, 3.5970
NODE, 749, 20.0200, 11.5000, 3.4680
NODE, 750, 20.0200, 12.0000, 3.3390
NODE, 751, 20.0200, 12.5000, 3.2100
NODE, 752, 20.0200, 13.0000, 3.0810
NODE, 753, 20.0200, 13.5000, 2.9520
NODE, 754, 20.0200, 14.0000, 2.8230
NODE, 755, 20.0200, 14.5000, 2.6940
NODE, 756, 20.0200, 15.0000, 2.5650
NODE, 757, 20.0200, 15.5000, 2.4360
NODE, 758, 20.0200, 16.0000, 2.3070
NODE, 759, 20.9300, 8.5000, 4.2420
NODE, 760, 20.9300, 9.0000, 4.1130
NODE, 761, 20.9300, 9.5000, 3.9840
NODE, 762, 20.9300, 10.0000, 3.8550
NODE, 763, 20.9300, 10.5000, 3.7260
NODE, 764, 20.9300, 11.0000, 3.5970
NODE, 765, 20.9300, 11.5000, 3.4680
NODE, 766, 20.9300, 12.0000, 3.3390
NODE, 767, 20.9300, 12.5000, 3.2100
NODE, 768, 20.9300, 13.0000, 3.0810
NODE, 769, 20.9300, 13.5000, 2.9520
NODE, 770, 20.9300, 14.0000, 2.8230
NODE, 771, 20.9300, 14.5000, 2.6940
NODE, 772, 20.9300, 15.0000, 2.5650
NODE, 773, 20.9300, 15.5000, 2.4360
NODE, 774, 20.9300, 16.0000, 2.3070
NODE, 775, 21.8400, 8.5000, 4.2420
NODE, 776, 21.8400, 9.0000, 4.1130
NODE, 777, 21.8400, 9.5000, 3.9840
NODE, 778, 21.8400, 10.0000, 3.8550
NODE, 779, 21.8400, 10.5000, 3.7260
NODE, 780, 21.8400, 11.0000, 3.5970
NODE, 781, 21.8400, 11.5000, 3.4680
NODE, 782, 21.8400, 12.0000, 3.3390
NODE, 783, 21.8400, 12.5000, 3.2100
NODE, 784, 21.8400, 13.0000, 3.0810
NODE, 785, 21.8400, 13.5000, 2.9520
NODE, 786, 21.8400, 14.0000, 2.8230
NODE, 787, 21.8400, 14.5000, 2.6940
NODE, 788, 21.8400, 15.0000, 2.5650
NODE, 789, 21.8400, 15.5000, 2.4360
NODE, 790, 21.8400, 16.0000, 2.3070
NODE, 791, 22.7500, 8.5000, 4.2420
NODE, 792, 22.7500, 9.0000, 4.1130
NODE, 793, 22.7500, 9.5000, 3.9840
NODE, 794, 22.7500, 10.0000, 3.8550
NODE, 795, 22.7500, 10.5000, 3.7260
NODE, 796, 22.7500, 11.0000, 3.5970
NODE, 797, 22.7500, 11.5000, 3.4680
NODE, 798, 22.7500, 12.0000, 3.3390
NODE, 799, 22.7500, 12.5000, 3.2100
NODE, 800, 22.7500, 13.0000, 3.0810
NODE, 801, 22.7500, 13.5000, 2.9520
NODE, 802, 22.7500, 14.0000, 2.8230
NODE, 803, 22.7500, 14.5000, 2.6940
NODE, 804, 22.7500, 15.0000, 2.5650
NODE, 805, 22.7500, 15.5000, 2.4360
NODE, 806, 22.7500, 16.0000, 2.3070
NODE, 807, -3.1000, 16.0000, 2.3070
NODE, 808, -2.7000, 16.0000, 2.3070
NODE, 809, -2.2500, 16.0000, 2.3070
NODE, 810, -1.8000, 16.0000, 2.3070
NODE, 811, -1.3500, 16.0000, 2.3070
NODE, 812, -0.9000, 16.0000, 2.3070
NODE, 813, -0.4500, 16.0000, 2.3070
NODE, 814, 0.0000, 16.0000, 2.3070
NODE, 815, 0.4550, 16.0000, 2.3070
NODE, 816, 1.3650, 16.0000, 2.3070
NODE, 817, 2.2750, 16.0000, 2.3070
NODE, 818, 3.1850, 16.0000, 2.3070
NODE, 819, 4.0950, 16.0000, 2.3070
NODE, 820, 5.0050, 16.0000, 2.3070
NODE, 821, 5.9150, 16.0000, 2.3070
NODE, 822, 6.8250, 16.0000, 2.3070
NODE, 823, 7.7350, 16.0000, 2.3070
NODE, 824, 8.6450, 16.0000, 2.3070
NODE, 825, 9.5550, 16.0000, 2.3070
NODE, 826, 10.4650, 16.0000, 2.3070
NODE, 827, 11.3750, 16.0000, 2.3070
NODE, 828, 12.2850, 16.0000, 2.3070
NODE, 829, 13.1950, 16.0000, 2.3070
NODE, 830, 14.1050, 16.0000, 2.3070
NODE, 831, 15.0150, 16.0000, 2.3070
NODE, 832, 15.9250, 16.0000, 2.3070
NODE, 833, 16.8350, 16.0000, 2.3070
NODE, 834, 17.7450, 16.0000, 2.3070
NODE, 835, 18.6550, 16.0000, 2.3070
NODE, 836, 19.5650, 16.0000, 2.3070
NODE, 837, 20.4750, 16.0000, 2.3070
NODE, 838, 21.3850, 16.0000, 2.3070
NODE, 839, 22.2950, 16.0000, 2.3070
NODE, 840, 23.1000, 16.0000, 2.3070
NODE, 841, -3.1000, 0.0000, 6.4350
NODE, 842, -3.1000, 0.4000, 6.3318
NODE, 843, -3.1000, 0.4550, 6.3176
NODE, 844, -3.1000, 0.9100, 6.2002
NODE, 845, -3.1000, 1.3650, 6.0828
NODE, 846, -3.1000, 1.8200, 5.9654
NODE, 847, -3.1000, 2.2750, 5.8480
NODE, 848, -3.1000, 2.7300, 5.7307
NODE, 849, -3.1000, 3.1850, 5.6133
NODE, 850, -3.1000, 3.6400, 5.4959
NODE, 851, -3.1000, 4.0950, 5.3785
NODE, 852, -3.1000, 4.5500, 5.2611
NODE, 853, -3.1000, 5.0050, 5.1437
NODE, 854, -3.1000, 5.4600, 5.0263
NODE, 855, -3.1000, 5.9150, 4.9089
NODE, 856, -3.1000, 6.3700, 4.7915
NODE, 857, -3.1000, 6.8250, 4.6741
NODE, 858, -3.1000, 7.2800, 4.5568
NODE, 859, -3.1000, 7.7350, 4.4394
NODE, 860, -3.1000, 8.1900, 4.3220
NODE, 861, -3.1000, 8.6450, 4.2046
NODE, 862, -3.1000, 9.1000, 4.0872
NODE, 863, -3.1000, 9.5550, 3.9698
NODE, 864, -3.1000, 10.0100, 3.8524
NODE, 865, -3.1000, 10.4650, 3.7350
NODE, 866, -3.1000, 10.9200, 3.6176
NODE, 867, -3.1000, 11.3750, 3.5002
NODE, 868, -3.1000, 11.8300, 3.3829
NODE, 869, -3.1000, 12.2850, 3.2655
NODE, 870, -3.1000, 12.5920, 3.1863
NODE, 871, -3.1000, 12.9000, 3.1068
NODE, 872, -3.1000, 13.1950, 3.0307
NODE, 873, -3.1000, 13.6500, 2.9133
NODE, 874, -3.1000, 14.1050, 2.7959
NODE, 875, -3.1000, 14.5600, 2.6785
NODE, 876, -3.1000, 15.0150, 2.5611
NODE, 877, -3.1000, 15.5080, 2.4339
NODE, 878, 0.0000, 13.0000, 3.0810
NODE, 879, 0.0000, 13.1950, 3.0307
NODE, 880, 0.0000, 13.6500, 2.9133
NODE, 881, 0.0000, 14.1050, 2.7959
NODE, 882, 0.0000, 14.5600, 2.6785
NODE, 883, 0.0000, 15.0150, 2.5611
NODE, 884, 0.0000, 15.5080, 2.4339
NODE, 885, 0.0000, 0.4550, 6.3176
NODE, 886, -0.4430, 0.4550, 6.3176
NODE, 887, -0.8860, 0.4550, 6.3176
NODE, 888, -1.3290, 0.4550, 6.3176
NODE, 889, -1.7710, 0.4550, 6.3176
NODE, 890, -2.2140, 0.4550, 6.3176
NODE, 891, -2.6570, 0.4550, 6.3176
NODE, 892, 0.0000, 1.3650, 6.0828
NODE, 893, -0.4430, 1.3650, 6.0828
NODE, 894, -0.8860, 1.3650, 6.0828
NODE, 895, -1.3290, 1.3650, 6.0828
NODE, 896, -1.7710, 1.3650, 6.0828
NODE, 897, -2.2140, 1.3650, 6.0828
NODE, 898, -2.6570, 1.3650, 6.0828
NODE, 899, 0.0000, 2.2750, 5.8480
NODE, 900, -0.4430, 2.2750, 5.8480
NODE, 901, -0.8860, 2.2750, 5.8480
NODE, 902, -1.3290, 2.2750, 5.8480
NODE, 903, -1.7710, 2.2750, 5.8480
NODE, 904, -2.2140, 2.2750, 5.8480
NODE, 905, -2.6570, 2.2750, 5.8480
NODE, 906, 0.0000, 3.1850, 5.6133
NODE, 907, -0.4430, 3.1850, 5.6133
NODE, 908, -0.8860, 3.1850, 5.6133
NODE, 909, -1.3290, 3.1850, 5.6133
NODE, 910, -1.7710, 3.1850, 5.6133
NODE, 911, -2.2140, 3.1850, 5.6133
NODE, 912, -2.6570, 3.1850, 5.6133
NODE, 913, 0.0000, 4.0950, 5.3785
NODE, 914, -0.4430, 4.0950, 5.3785
NODE, 915, -0.8860, 4.0950, 5.3785
NODE, 916, -1.3290, 4.0950, 5.3785
NODE, 917, -1.7710, 4.0950, 5.3785
NODE, 918, -2.2140, 4.0950, 5.3785
NODE, 919, -2.6570, 4.0950, 5.3785
NODE, 920, 0.0000, 5.0050, 5.1437
NODE, 921, -0.4430, 5.0050, 5.1437
NODE, 922, -0.8860, 5.0050, 5.1437
NODE, 923, -1.3290, 5.0050, 5.1437
NODE, 924, -1.7710, 5.0050, 5.1437
NODE, 925, -2.2140, 5.0050, 5.1437
NODE, 926, -2.6570, 5.0050, 5.1437
NODE, 927, 0.0000, 5.9150, 4.9089
NODE, 928, -0.4430, 5.9150, 4.9089
NODE, 929, -0.8860, 5.9150, 4.9089
NODE, 930, -1.3290, 5.9150, 4.9089
NODE, 931, -1.7710, 5.9150, 4.9089
NODE, 932, -2.2140, 5.9150, 4.9089
NODE, 933, -2.6570, 5.9150, 4.9089
NODE, 934, 0.0000, 6.8250, 4.6741
NODE, 935, -0.4430, 6.8250, 4.6741
NODE, 936, -0.8860, 6.8250, 4.6741
NODE, 937, -1.3290, 6.8250, 4.6741
NODE, 938, -1.7710, 6.8250, 4.6741
NODE, 939, -2.2140, 6.8250, 4.6741
NODE, 940, -2.6570, 6.8250, 4.6741
NODE, 941, 0.0000, 7.7350, 4.4394
NODE, 942, -0.4430, 7.7350, 4.4394
NODE, 943, -0.8860, 7.7350, 4.4394
NODE, 944, -1.3290, 7.7350, 4.4394
NODE, 945, -1.7710, 7.7350, 4.4394
NODE, 946, -2.2140, 7.7350, 4.4394
NODE, 947, -2.6570, 7.7350, 4.4394
NODE, 948, 0.0000, 8.6450, 4.2046
NODE, 949, -0.4430, 8.6450, 4.2046
NODE, 950, -0.8860, 8.6450, 4.2046
NODE, 951, -1.3290, 8.6450, 4.2046
NODE, 952, -1.7710, 8.6450, 4.2046
NODE, 953, -2.2140, 8.6450, 4.2046
NODE, 954, -2.6570, 8.6450, 4.2046
NODE, 955, 0.0000, 9.5550, 3.9698
NODE, 956, -0.4430, 9.5550, 3.9698
NODE, 957, -0.8860, 9.5550, 3.9698
NODE, 958, -1.3290, 9.5550, 3.9698
NODE, 959, -1.7710, 9.5550, 3.9698
NODE, 960, -2.2140, 9.5550, 3.9698
NODE, 961, -2.6570, 9.5550, 3.9698
NODE, 962, 0.0000, 10.4650, 3.7350
NODE, 963, -0.4430, 10.4650, 3.7350
NODE, 964, -0.8860, 10.4650, 3.7350
NODE, 965, -1.3290, 10.4650, 3.7350
NODE, 966, -1.7710, 10.4650, 3.7350
NODE, 967, -2.2140, 10.4650, 3.7350
NODE, 968, -2.6570, 10.4650, 3.7350
NODE, 969, 0.0000, 11.3750, 3.5002
NODE, 970, -0.4430, 11.3750, 3.5002
NODE, 971, -0.8860, 11.3750, 3.5002
NODE, 972, -1.3290, 11.3750, 3.5002
NODE, 973, -1.7710, 11.3750, 3.5002
NODE, 974, -2.2140, 11.3750, 3.5002
NODE, 975, -2.6570, 11.3750, 3.5002
NODE, 976, 0.0000, 12.2850, 3.2655
NODE, 977, -0.4430, 12.2850, 3.2655
NODE, 978, -0.8860, 12.2850, 3.2655
NODE, 979, -1.3290, 12.2850, 3.2655
NODE, 980, -1.7710, 12.2850, 3.2655
NODE, 981, -2.2140, 12.2850, 3.2655
NODE, 982, -2.6570, 12.2850, 3.2655
NODE, 983, -0.4430, 13.1950, 3.0307
NODE, 984, -0.8860, 13.1950, 3.0307
NODE, 985, -1.3290, 13.1950, 3.0307
NODE, 986, -1.7710, 13.1950, 3.0307
NODE, 987, -2.2140, 13.1950, 3.0307
NODE, 988, -2.6570, 13.1950, 3.0307
NODE, 989, -0.4430, 14.1050, 2.7959
NODE, 990, -0.8860, 14.1050, 2.7959
NODE, 991, -1.3290, 14.1050, 2.7959
NODE, 992, -1.7710, 14.1050, 2.7959
NODE, 993, -2.2140, 14.1050, 2.7959
NODE, 994, -2.6570, 14.1050, 2.7959
NODE, 995, -0.4430, 15.0150, 2.5611
NODE, 996, -0.8860, 15.0150, 2.5611
NODE, 997, -1.3290, 15.0150, 2.5611
NODE, 998, -1.7710, 15.0150, 2.5611
NODE, 999, -2.2140, 15.0150, 2.5611
NODE, 1000, -2.6570, 15.0150, 2.5611

# --- ELEMENT(ELEM) ---
ELEM, 1, 1, 2, 1, 0.0
ELEM, 2, 2, 3, 1, 0.0
ELEM, 3, 3, 4, 1, 0.0
ELEM, 4, 4, 5, 1, 0.0
ELEM, 5, 5, 6, 1, 0.0
ELEM, 6, 6, 7, 1, 0.0
ELEM, 7, 7, 8, 1, 0.0
ELEM, 8, 8, 9, 1, 0.0
ELEM, 9, 9, 10, 1, 0.0
ELEM, 10, 10, 11, 1, 0.0
ELEM, 11, 11, 12, 1, 0.0
ELEM, 12, 12, 13, 1, 0.0
ELEM, 13, 13, 14, 1, 0.0
ELEM, 14, 14, 15, 1, 0.0
ELEM, 15, 15, 16, 1, 0.0
ELEM, 16, 16, 17, 1, 0.0
ELEM, 17, 18, 19, 1, 0.0
ELEM, 18, 19, 20, 1, 0.0
ELEM, 19, 20, 21, 1, 0.0
ELEM, 20, 21, 22, 1, 0.0
ELEM, 21, 22, 23, 1, 0.0
ELEM, 22, 23, 24, 1, 0.0
ELEM, 23, 24, 25, 1, 0.0
ELEM, 24, 25, 26, 1, 0.0
ELEM, 25, 26, 27, 1, 0.0
ELEM, 26, 27, 28, 1, 0.0
ELEM, 27, 28, 29, 1, 0.0
ELEM, 28, 29, 30, 1, 0.0
ELEM, 29, 30, 31, 1, 0.0
ELEM, 30, 31, 32, 1, 0.0
ELEM, 31, 32, 33, 1, 0.0
ELEM, 32, 33, 34, 1, 0.0
ELEM, 33, 35, 36, 1, 0.0
ELEM, 34, 36, 37, 1, 0.0
ELEM, 35, 37, 38, 1, 0.0
ELEM, 36, 38, 39, 1, 0.0
ELEM, 37, 39, 40, 1, 0.0
ELEM, 38, 40, 41, 1, 0.0
ELEM, 39, 41, 42, 1, 0.0
ELEM, 40, 42, 43, 1, 0.0
ELEM, 41, 43, 44, 1, 0.0
ELEM, 42, 44, 45, 1, 0.0
ELEM, 43, 45, 46, 1, 0.0
ELEM, 44, 46, 47, 1, 0.0
ELEM, 45, 47, 48, 1, 0.0
ELEM, 46, 48, 49, 1, 0.0
ELEM, 47, 49, 50, 1, 0.0
ELEM, 48, 50, 51, 1, 0.0
ELEM, 49, 52, 53, 1, 0.0
ELEM, 50, 53, 54, 1, 0.0
ELEM, 51, 54, 55, 1, 0.0
ELEM, 52, 55, 56, 1, 0.0
ELEM, 53, 56, 57, 1, 0.0
ELEM, 54, 57, 58, 1, 0.0
ELEM, 55, 58, 59, 1, 0.0
ELEM, 56, 59, 60, 1, 0.0
ELEM, 57, 60, 61, 1, 0.0
ELEM, 58, 61, 62, 1, 0.0
ELEM, 59, 62, 63, 1, 0.0
ELEM, 60, 63, 64, 1, 0.0
ELEM, 61, 64, 65, 1, 0.0
ELEM, 62, 65, 66, 1, 0.0
ELEM, 63, 66, 67, 1, 0.0
ELEM, 64, 67, 68, 1, 0.0
ELEM, 65, 69, 70, 1, 0.0
ELEM, 66, 70, 71, 1, 0.0
ELEM, 67, 71, 72, 1, 0.0
ELEM, 68, 72, 73, 1, 0.0
ELEM, 69, 73, 74, 1, 0.0
ELEM, 70, 74, 75, 1, 0.0
ELEM, 71, 75, 76, 1, 0.0
ELEM, 72, 76, 77, 1, 0.0
ELEM, 73, 77, 78, 1, 0.0
ELEM, 74, 78, 79, 1, 0.0
ELEM, 75, 79, 80, 1, 0.0
ELEM, 76, 80, 81, 1, 0.0
ELEM, 77, 81, 82, 1, 0.0
ELEM, 78, 82, 83, 1, 0.0
ELEM, 79, 83, 84, 1, 0.0
ELEM, 80, 84, 85, 1, 0.0
ELEM, 81, 86, 87, 1, 0.0
ELEM, 82, 87, 88, 1, 0.0
ELEM, 83, 88, 89, 1, 0.0
ELEM, 84, 89, 90, 1, 0.0
ELEM, 85, 90, 91, 1, 0.0
ELEM, 86, 91, 92, 1, 0.0
ELEM, 87, 92, 93, 1, 0.0
ELEM, 88, 93, 94, 1, 0.0
ELEM, 89, 94, 95, 1, 0.0
ELEM, 90, 95, 96, 1, 0.0
ELEM, 91, 96, 97, 1, 0.0
ELEM, 92, 97, 98, 1, 0.0
ELEM, 93, 98, 99, 1, 0.0
ELEM, 94, 99, 100, 1, 0.0
ELEM, 95, 100, 101, 1, 0.0
ELEM, 96, 101, 102, 1, 0.0
ELEM, 97, 103, 104, 1, 0.0
ELEM, 98, 104, 105, 1, 0.0
ELEM, 99, 105, 106, 1, 0.0
ELEM, 100, 106, 107, 1, 0.0
ELEM, 101, 107, 108, 1, 0.0
ELEM, 102, 108, 109, 1, 0.0
ELEM, 103, 109, 110, 1, 0.0
ELEM, 104, 110, 111, 1, 0.0
ELEM, 105, 111, 112, 1, 0.0
ELEM, 106, 112, 113, 1, 0.0
ELEM, 107, 113, 114, 1, 0.0
ELEM, 108, 114, 115, 1, 0.0
ELEM, 109, 115, 116, 1, 0.0
ELEM, 110, 116, 117, 1, 0.0
ELEM, 111, 117, 118, 1, 0.0
ELEM, 112, 118, 119, 1, 0.0
ELEM, 113, 120, 121, 1, 0.0
ELEM, 114, 121, 122, 1, 0.0
ELEM, 115, 122, 123, 1, 0.0
ELEM, 116, 123, 124, 1, 0.0
ELEM, 117, 124, 125, 1, 0.0
ELEM, 118, 125, 126, 1, 0.0
ELEM, 119, 126, 127, 1, 0.0
ELEM, 120, 127, 128, 1, 0.0
ELEM, 121, 128, 129, 1, 0.0
ELEM, 122, 129, 130, 1, 0.0
ELEM, 123, 130, 131, 1, 0.0
ELEM, 124, 131, 132, 1, 0.0
ELEM, 125, 132, 133, 1, 0.0
ELEM, 126, 133, 134, 1, 0.0
ELEM, 127, 134, 135, 1, 0.0
ELEM, 128, 135, 136, 1, 0.0
ELEM, 129, 137, 138, 1, 0.0
ELEM, 130, 138, 139, 1, 0.0
ELEM, 131, 139, 140, 1, 0.0
ELEM, 132, 140, 141, 1, 0.0
ELEM, 133, 141, 142, 1, 0.0
ELEM, 134, 142, 143, 1, 0.0
ELEM, 135, 143, 144, 1, 0.0
ELEM, 136, 144, 145, 1, 0.0
ELEM, 137, 145, 146, 1, 0.0
ELEM, 138, 146, 147, 1, 0.0
ELEM, 139, 147, 148, 1, 0.0
ELEM, 140, 148, 149, 1, 0.0
ELEM, 141, 149, 150, 1, 0.0
ELEM, 142, 150, 151, 1, 0.0
ELEM, 143, 151, 152, 1, 0.0
ELEM, 144, 152, 153, 1, 0.0
ELEM, 145, 154, 155, 1, 0.0
ELEM, 146, 155, 156, 1, 0.0
ELEM, 147, 156, 157, 1, 0.0
ELEM, 148, 157, 158, 1, 0.0
ELEM, 149, 158, 159, 1, 0.0
ELEM, 150, 159, 160, 1, 0.0
ELEM, 151, 160, 161, 1, 0.0
ELEM, 152, 161, 162, 1, 0.0
ELEM, 153, 162, 163, 1, 0.0
ELEM, 154, 163, 164, 1, 0.0
ELEM, 155, 164, 165, 1, 0.0
ELEM, 156, 166, 167, 1, 0.0
ELEM, 157, 167, 168, 1, 0.0
ELEM, 158, 168, 169, 1, 0.0
ELEM, 159, 169, 170, 1, 0.0
ELEM, 160, 170, 171, 1, 0.0
ELEM, 161, 171, 172, 1, 0.0
ELEM, 162, 172, 173, 1, 0.0
ELEM, 163, 173, 174, 1, 0.0
ELEM, 164, 174, 175, 1, 0.0
ELEM, 165, 175, 176, 1, 0.0
ELEM, 166, 176, 177, 1, 0.0
ELEM, 167, 178, 179, 1, 0.0
ELEM, 168, 179, 180, 1, 0.0
ELEM, 169, 180, 181, 1, 0.0
ELEM, 170, 181, 182, 1, 0.0
ELEM, 171, 182, 183, 1, 0.0
ELEM, 172, 183, 184, 1, 0.0
ELEM, 173, 184, 185, 1, 0.0
ELEM, 174, 185, 186, 1, 0.0
ELEM, 175, 186, 187, 1, 0.0
ELEM, 176, 187, 188, 1, 0.0
ELEM, 177, 188, 189, 1, 0.0
ELEM, 178, 190, 191, 1, 0.0
ELEM, 179, 191, 192, 1, 0.0
ELEM, 180, 192, 193, 1, 0.0
ELEM, 181, 193, 194, 1, 0.0
ELEM, 182, 194, 195, 1, 0.0
ELEM, 183, 195, 196, 1, 0.0
ELEM, 184, 196, 197, 1, 0.0
ELEM, 185, 197, 198, 1, 0.0
ELEM, 186, 198, 199, 1, 0.0
ELEM, 187, 199, 200, 1, 0.0
ELEM, 188, 200, 201, 1, 0.0
ELEM, 189, 202, 203, 1, 0.0
ELEM, 190, 203, 204, 1, 0.0
ELEM, 191, 204, 205, 1, 0.0
ELEM, 192, 205, 206, 1, 0.0
ELEM, 193, 206, 207, 1, 0.0
ELEM, 194, 207, 208, 1, 0.0
ELEM, 195, 208, 209, 1, 0.0
ELEM, 196, 209, 210, 1, 0.0
ELEM, 197, 210, 211, 1, 0.0
ELEM, 198, 211, 212, 1, 0.0
ELEM, 199, 212, 213, 1, 0.0
ELEM, 200, 213, 214, 1, 0.0
ELEM, 201, 214, 215, 1, 0.0
ELEM, 202, 215, 216, 1, 0.0
ELEM, 203, 216, 217, 1, 0.0
ELEM, 204, 217, 218, 1, 0.0
ELEM, 205, 219, 220, 1, 0.0
ELEM, 206, 220, 221, 1, 0.0
ELEM, 207, 221, 222, 1, 0.0
ELEM, 208, 222, 223, 1, 0.0
ELEM, 209, 223, 224, 1, 0.0
ELEM, 210, 224, 225, 1, 0.0
ELEM, 211, 225, 226, 1, 0.0
ELEM, 212, 226, 227, 1, 0.0
ELEM, 213, 227, 228, 1, 0.0
ELEM, 214, 228, 229, 1, 0.0
ELEM, 215, 229, 230, 1, 0.0
ELEM, 216, 230, 231, 1, 0.0
ELEM, 217, 231, 232, 1, 0.0
ELEM, 218, 232, 233, 1, 0.0
ELEM, 219, 233, 234, 1, 0.0
ELEM, 220, 234, 235, 1, 0.0
ELEM, 221, 236, 237, 1, 0.0
ELEM, 222, 237, 238, 1, 0.0
ELEM, 223, 238, 239, 1, 0.0
ELEM, 224, 239, 240, 1, 0.0
ELEM, 225, 240, 241, 1, 0.0
ELEM, 226, 241, 242, 1, 0.0
ELEM, 227, 242, 243, 1, 0.0
ELEM, 228, 243, 244, 1, 0.0
ELEM, 229, 244, 245, 1, 0.0
ELEM, 230, 245, 246, 1, 0.0
ELEM, 231, 246, 247, 1, 0.0
ELEM, 232, 247, 248, 1, 0.0
ELEM, 233, 248, 249, 1, 0.0
ELEM, 234, 249, 250, 1, 0.0
ELEM, 235, 250, 251, 1, 0.0
ELEM, 236, 251, 252, 1, 0.0
ELEM, 237, 253, 254, 1, 0.0
ELEM, 238, 254, 255, 1, 0.0
ELEM, 239, 255, 256, 1, 0.0
ELEM, 240, 256, 257, 1, 0.0
ELEM, 241, 257, 258, 1, 0.0
ELEM, 242, 258, 259, 1, 0.0
ELEM, 243, 259, 260, 1, 0.0
ELEM, 244, 260, 261, 1, 0.0
ELEM, 245, 261, 262, 1, 0.0
ELEM, 246, 262, 263, 1, 0.0
ELEM, 247, 263, 264, 1, 0.0
ELEM, 248, 264, 265, 1, 0.0
ELEM, 249, 265, 266, 1, 0.0
ELEM, 250, 266, 267, 1, 0.0
ELEM, 251, 267, 268, 1, 0.0
ELEM, 252, 268, 269, 1, 0.0
ELEM, 253, 270, 271, 1, 0.0
ELEM, 254, 271, 272, 1, 0.0
ELEM, 255, 272, 273, 1, 0.0
ELEM, 256, 273, 274, 1, 0.0
ELEM, 257, 274, 275, 1, 0.0
ELEM, 258, 275, 276, 1, 0.0
ELEM, 259, 276, 277, 1, 0.0
ELEM, 260, 277, 278, 1, 0.0
ELEM, 261, 278, 279, 1, 0.0
ELEM, 262, 279, 280, 1, 0.0
ELEM, 263, 280, 281, 1, 0.0
ELEM, 264, 281, 282, 1, 0.0
ELEM, 265, 282, 283, 1, 0.0
ELEM, 266, 283, 284, 1, 0.0
ELEM, 267, 284, 285, 1, 0.0
ELEM, 268, 285, 286, 1, 0.0
ELEM, 269, 287, 288, 1, 0.0
ELEM, 270, 288, 289, 1, 0.0
ELEM, 271, 289, 290, 1, 0.0
ELEM, 272, 290, 291, 1, 0.0
ELEM, 273, 291, 292, 1, 0.0
ELEM, 274, 292, 293, 1, 0.0
ELEM, 275, 293, 294, 1, 0.0
ELEM, 276, 294, 295, 1, 0.0
ELEM, 277, 295, 296, 1, 0.0
ELEM, 278, 296, 297, 1, 0.0
ELEM, 279, 297, 298, 1, 0.0
ELEM, 280, 298, 299, 1, 0.0
ELEM, 281, 299, 300, 1, 0.0
ELEM, 282, 300, 301, 1, 0.0
ELEM, 283, 301, 302, 1, 0.0
ELEM, 284, 302, 303, 1, 0.0
ELEM, 285, 304, 305, 1, 0.0
ELEM, 286, 305, 306, 1, 0.0
ELEM, 287, 306, 307, 1, 0.0
ELEM, 288, 307, 308, 1, 0.0
ELEM, 289, 308, 309, 1, 0.0
ELEM, 290, 309, 310, 1, 0.0
ELEM, 291, 310, 311, 1, 0.0
ELEM, 292, 311, 312, 1, 0.0
ELEM, 293, 312, 313, 1, 0.0
ELEM, 294, 313, 314, 1, 0.0
ELEM, 295, 314, 315, 1, 0.0
ELEM, 296, 315, 316, 1, 0.0
ELEM, 297, 316, 317, 1, 0.0
ELEM, 298, 317, 318, 1, 0.0
ELEM, 299, 318, 319, 1, 0.0
ELEM, 300, 319, 320, 1, 0.0
ELEM, 301, 321, 322, 1, 0.0
ELEM, 302, 322, 323, 1, 0.0
ELEM, 303, 323, 324, 1, 0.0
ELEM, 304, 324, 325, 1, 0.0
ELEM, 305, 325, 326, 1, 0.0
ELEM, 306, 326, 327, 1, 0.0
ELEM, 307, 327, 328, 1, 0.0
ELEM, 308, 328, 329, 1, 0.0
ELEM, 309, 329, 330, 1, 0.0
ELEM, 310, 330, 331, 1, 0.0
ELEM, 311, 331, 332, 1, 0.0
ELEM, 312, 332, 333, 1, 0.0
ELEM, 313, 333, 334, 1, 0.0
ELEM, 314, 334, 335, 1, 0.0
ELEM, 315, 335, 336, 1, 0.0
ELEM, 316, 336, 337, 1, 0.0
ELEM, 317, 338, 339, 1, 0.0
ELEM, 318, 339, 340, 1, 0.0
ELEM, 319, 340, 341, 1, 0.0
ELEM, 320, 341, 342, 1, 0.0
ELEM, 321, 342, 343, 1, 0.0
ELEM, 322, 343, 344, 1, 0.0
ELEM, 323, 344, 345, 1, 0.0
ELEM, 324, 345, 346, 1, 0.0
ELEM, 325, 346, 347, 1, 0.0
ELEM, 326, 347, 348, 1, 0.0
ELEM, 327, 348, 349, 1, 0.0
ELEM, 328, 349, 350, 1, 0.0
ELEM, 329, 350, 351, 1, 0.0
ELEM, 330, 351, 352, 1, 0.0
ELEM, 331, 352, 353, 1, 0.0
ELEM, 332, 353, 354, 1, 0.0
ELEM, 333, 355, 356, 1, 0.0
ELEM, 334, 356, 357, 1, 0.0
ELEM, 335, 357, 358, 1, 0.0
ELEM, 336, 358, 359, 1, 0.0
ELEM, 337, 359, 360, 1, 0.0
ELEM, 338, 360, 361, 1, 0.0
ELEM, 339, 361, 362, 1, 0.0
ELEM, 340, 362, 363, 1, 0.0
ELEM, 341, 363, 364, 1, 0.0
ELEM, 342, 364, 365, 1, 0.0
ELEM, 343, 365, 366, 1, 0.0
ELEM, 344, 366, 367, 1, 0.0
ELEM, 345, 367, 368, 1, 0.0
ELEM, 346, 368, 369, 1, 0.0
ELEM, 347, 369, 370, 1, 0.0
ELEM, 348, 370, 371, 1, 0.0
ELEM, 349, 372, 373, 1, 0.0
ELEM, 350, 373, 374, 1, 0.0
ELEM, 351, 374, 375, 1, 0.0
ELEM, 352, 375, 376, 1, 0.0
ELEM, 353, 376, 377, 1, 0.0
ELEM, 354, 377, 378, 1, 0.0
ELEM, 355, 378, 379, 1, 0.0
ELEM, 356, 379, 380, 1, 0.0
ELEM, 357, 380, 381, 1, 0.0
ELEM, 358, 381, 382, 1, 0.0
ELEM, 359, 382, 383, 1, 0.0
ELEM, 360, 383, 384, 1, 0.0
ELEM, 361, 384, 385, 1, 0.0
ELEM, 362, 385, 386, 1, 0.0
ELEM, 363, 386, 387, 1, 0.0
ELEM, 364, 387, 388, 1, 0.0
ELEM, 365, 389, 390, 1, 0.0
ELEM, 366, 390, 391, 1, 0.0
ELEM, 367, 391, 392, 1, 0.0
ELEM, 368, 392, 393, 1, 0.0
ELEM, 369, 393, 394, 1, 0.0
ELEM, 370, 394, 395, 1, 0.0
ELEM, 371, 395, 396, 1, 0.0
ELEM, 372, 396, 397, 1, 0.0
ELEM, 373, 397, 398, 1, 0.0
ELEM, 374, 398, 399, 1, 0.0
ELEM, 375, 399, 400, 1, 0.0
ELEM, 376, 400, 401, 1, 0.0
ELEM, 377, 401, 402, 1, 0.0
ELEM, 378, 402, 403, 1, 0.0
ELEM, 379, 403, 404, 1, 0.0
ELEM, 380, 404, 405, 1, 0.0
ELEM, 381, 17, 406, 1, 0.0
ELEM, 382, 406, 407, 1, 0.0
ELEM, 383, 407, 408, 1, 0.0
ELEM, 384, 408, 409, 1, 0.0
ELEM, 385, 409, 410, 1, 0.0
ELEM, 386, 410, 411, 1, 0.0
ELEM, 387, 411, 412, 1, 0.0
ELEM, 388, 412, 413, 1, 0.0
ELEM, 389, 413, 414, 1, 0.0
ELEM, 390, 414, 415, 1, 0.0
ELEM, 391, 415, 416, 1, 0.0
ELEM, 392, 416, 417, 1, 0.0
ELEM, 393, 417, 418, 1, 0.0
ELEM, 394, 418, 419, 1, 0.0
ELEM, 395, 419, 420, 1, 0.0
ELEM, 396, 420, 421, 1, 0.0
ELEM, 397, 34, 422, 1, 0.0
ELEM, 398, 422, 423, 1, 0.0
ELEM, 399, 423, 424, 1, 0.0
ELEM, 400, 424, 425, 1, 0.0
ELEM, 401, 425, 426, 1, 0.0
ELEM, 402, 426, 427, 1, 0.0
ELEM, 403, 427, 428, 1, 0.0
ELEM, 404, 428, 429, 1, 0.0
ELEM, 405, 429, 430, 1, 0.0
ELEM, 406, 430, 431, 1, 0.0
ELEM, 407, 431, 432, 1, 0.0
ELEM, 408, 432, 433, 1, 0.0
ELEM, 409, 433, 434, 1, 0.0
ELEM, 410, 434, 435, 1, 0.0
ELEM, 411, 435, 436, 1, 0.0
ELEM, 412, 436, 437, 1, 0.0
ELEM, 413, 51, 438, 1, 0.0
ELEM, 414, 438, 439, 1, 0.0
ELEM, 415, 439, 440, 1, 0.0
ELEM, 416, 440, 441, 1, 0.0
ELEM, 417, 441, 442, 1, 0.0
ELEM, 418, 442, 443, 1, 0.0
ELEM, 419, 443, 444, 1, 0.0
ELEM, 420, 444, 445, 1, 0.0
ELEM, 421, 445, 446, 1, 0.0
ELEM, 422, 446, 447, 1, 0.0
ELEM, 423, 447, 448, 1, 0.0
ELEM, 424, 448, 449, 1, 0.0
ELEM, 425, 449, 450, 1, 0.0
ELEM, 426, 450, 451, 1, 0.0
ELEM, 427, 451, 452, 1, 0.0
ELEM, 428, 452, 453, 1, 0.0
ELEM, 429, 68, 454, 1, 0.0
ELEM, 430, 454, 455, 1, 0.0
ELEM, 431, 455, 456, 1, 0.0
ELEM, 432, 456, 457, 1, 0.0
ELEM, 433, 457, 458, 1, 0.0
ELEM, 434, 458, 459, 1, 0.0
ELEM, 435, 459, 460, 1, 0.0
ELEM, 436, 460, 461, 1, 0.0
ELEM, 437, 461, 462, 1, 0.0
ELEM, 438, 462, 463, 1, 0.0
ELEM, 439, 463, 464, 1, 0.0
ELEM, 440, 464, 465, 1, 0.0
ELEM, 441, 465, 466, 1, 0.0
ELEM, 442, 466, 467, 1, 0.0
ELEM, 443, 467, 468, 1, 0.0
ELEM, 444, 468, 469, 1, 0.0
ELEM, 445, 85, 470, 1, 0.0
ELEM, 446, 470, 471, 1, 0.0
ELEM, 447, 471, 472, 1, 0.0
ELEM, 448, 472, 473, 1, 0.0
ELEM, 449, 473, 474, 1, 0.0
ELEM, 450, 474, 475, 1, 0.0
ELEM, 451, 475, 476, 1, 0.0
ELEM, 452, 476, 477, 1, 0.0
ELEM, 453, 477, 478, 1, 0.0
ELEM, 454, 478, 479, 1, 0.0
ELEM, 455, 479, 480, 1, 0.0
ELEM, 456, 480, 481, 1, 0.0
ELEM, 457, 481, 482, 1, 0.0
ELEM, 458, 482, 483, 1, 0.0
ELEM, 459, 483, 484, 1, 0.0
ELEM, 460, 484, 485, 1, 0.0
ELEM, 461, 102, 486, 1, 0.0
ELEM, 462, 486, 487, 1, 0.0
ELEM, 463, 487, 488, 1, 0.0
ELEM, 464, 488, 489, 1, 0.0
ELEM, 465, 489, 490, 1, 0.0
ELEM, 466, 490, 491, 1, 0.0
ELEM, 467, 491, 492, 1, 0.0
ELEM, 468, 492, 493, 1, 0.0
ELEM, 469, 493, 494, 1, 0.0
ELEM, 470, 494, 495, 1, 0.0
ELEM, 471, 495, 496, 1, 0.0
ELEM, 472, 496, 497, 1, 0.0
ELEM, 473, 497, 498, 1, 0.0
ELEM, 474, 498, 499, 1, 0.0
ELEM, 475, 499, 500, 1, 0.0
ELEM, 476, 500, 501, 1, 0.0
ELEM, 477, 119, 502, 1, 0.0
ELEM, 478, 502, 503, 1, 0.0
ELEM, 479, 503, 504, 1, 0.0
ELEM, 480, 504, 505, 1, 0.0
ELEM, 481, 505, 506, 1, 0.0
ELEM, 482, 506, 507, 1, 0.0
ELEM, 483, 507, 508, 1, 0.0
ELEM, 484, 508, 509, 1, 0.0
ELEM, 485, 509, 510, 1, 0.0
ELEM, 486, 510, 511, 1, 0.0
ELEM, 487, 511, 512, 1, 0.0
ELEM, 488, 512, 513, 1, 0.0
ELEM, 489, 513, 514, 1, 0.0
ELEM, 490, 514, 515, 1, 0.0
ELEM, 491, 515, 516, 1, 0.0
ELEM, 492, 516, 517, 1, 0.0
ELEM, 493, 136, 518, 1, 0.0
ELEM, 494, 518, 519, 1, 0.0
ELEM, 495, 519, 520, 1, 0.0
ELEM, 496, 520, 521, 1, 0.0
ELEM, 497, 521, 522, 1, 0.0
ELEM, 498, 522, 523, 1, 0.0
ELEM, 499, 523, 524, 1, 0.0
ELEM, 500, 524, 525, 1, 0.0
ELEM, 501, 525, 526, 1, 0.0
ELEM, 502, 526, 527, 1, 0.0
ELEM, 503, 527, 528, 1, 0.0
ELEM, 504, 528, 529, 1, 0.0
ELEM, 505, 529, 530, 1, 0.0
ELEM, 506, 530, 531, 1, 0.0
ELEM, 507, 531, 532, 1, 0.0
ELEM, 508, 532, 533, 1, 0.0
ELEM, 509, 153, 534, 1, 0.0
ELEM, 510, 534, 535, 1, 0.0
ELEM, 511, 535, 536, 1, 0.0
ELEM, 512, 536, 537, 1, 0.0
ELEM, 513, 537, 538, 1, 0.0
ELEM, 514, 538, 539, 1, 0.0
ELEM, 515, 539, 540, 1, 0.0
ELEM, 516, 540, 541, 1, 0.0
ELEM, 517, 541, 542, 1, 0.0
ELEM, 518, 542, 543, 1, 0.0
ELEM, 519, 543, 544, 1, 0.0
ELEM, 520, 544, 545, 1, 0.0
ELEM, 521, 545, 546, 1, 0.0
ELEM, 522, 546, 547, 1, 0.0
ELEM, 523, 547, 548, 1, 0.0
ELEM, 524, 548, 549, 1, 0.0
ELEM, 525, 165, 550, 1, 0.0
ELEM, 526, 550, 551, 1, 0.0
ELEM, 527, 551, 552, 1, 0.0
ELEM, 528, 552, 553, 1, 0.0
ELEM, 529, 553, 554, 1, 0.0
ELEM, 530, 554, 555, 1, 0.0
ELEM, 531, 555, 556, 1, 0.0
ELEM, 532, 556, 557, 1, 0.0
ELEM, 533, 557, 558, 1, 0.0
ELEM, 534, 558, 559, 1, 0.0
ELEM, 535, 559, 560, 1, 0.0
ELEM, 536, 560, 561, 1, 0.0
ELEM, 537, 561, 562, 1, 0.0
ELEM, 538, 562, 563, 1, 0.0
ELEM, 539, 563, 564, 1, 0.0
ELEM, 540, 564, 565, 1, 0.0
ELEM, 541, 177, 566, 1, 0.0
ELEM, 542, 566, 567, 1, 0.0
ELEM, 543, 567, 568, 1, 0.0
ELEM, 544, 568, 569, 1, 0.0
ELEM, 545, 569, 570, 1, 0.0
ELEM, 546, 570, 571, 1, 0.0
ELEM, 547, 571, 572, 1, 0.0
ELEM, 548, 572, 573, 1, 0.0
ELEM, 549, 573, 574, 1, 0.0
ELEM, 550, 574, 575, 1, 0.0
ELEM, 551, 575, 576, 1, 0.0
ELEM, 552, 576, 577, 1, 0.0
ELEM, 553, 577, 578, 1, 0.0
ELEM, 554, 578, 579, 1, 0.0
ELEM, 555, 579, 580, 1, 0.0
ELEM, 556, 580, 581, 1, 0.0
ELEM, 557, 189, 582, 1, 0.0
ELEM, 558, 582, 583, 1, 0.0
ELEM, 559, 583, 584, 1, 0.0
ELEM, 560, 584, 585, 1, 0.0
ELEM, 561, 585, 586, 1, 0.0
ELEM, 562, 586, 587, 1, 0.0
ELEM, 563, 587, 588, 1, 0.0
ELEM, 564, 588, 589, 1, 0.0
ELEM, 565, 589, 590, 1, 0.0
ELEM, 566, 590, 591, 1, 0.0
ELEM, 567, 591, 592, 1, 0.0
ELEM, 568, 592, 593, 1, 0.0
ELEM, 569, 593, 594, 1, 0.0
ELEM, 570, 594, 595, 1, 0.0
ELEM, 571, 595, 596, 1, 0.0
ELEM, 572, 596, 597, 1, 0.0
ELEM, 573, 201, 598, 1, 0.0
ELEM, 574, 598, 599, 1, 0.0
ELEM, 575, 599, 600, 1, 0.0
ELEM, 576, 600, 601, 1, 0.0
ELEM, 577, 601, 602, 1, 0.0
ELEM, 578, 602, 603, 1, 0.0
ELEM, 579, 603, 604, 1, 0.0
ELEM, 580, 604, 605, 1, 0.0
ELEM, 581, 605, 606, 1, 0.0
ELEM, 582, 606, 607, 1, 0.0
ELEM, 583, 607, 608, 1, 0.0
ELEM, 584, 608, 609, 1, 0.0
ELEM, 585, 609, 610, 1, 0.0
ELEM, 586, 610, 611, 1, 0.0
ELEM, 587, 611, 612, 1, 0.0
ELEM, 588, 612, 613, 1, 0.0
ELEM, 589, 218, 614, 1, 0.0
ELEM, 590, 614, 615, 1, 0.0
ELEM, 591, 615, 616, 1, 0.0
ELEM, 592, 616, 617, 1, 0.0
ELEM, 593, 617, 618, 1, 0.0
ELEM, 594, 618, 619, 1, 0.0
ELEM, 595, 619, 620, 1, 0.0
ELEM, 596, 620, 621, 1, 0.0
ELEM, 597, 621, 622, 1, 0.0
ELEM, 598, 622, 623, 1, 0.0
ELEM, 599, 623, 624, 1, 0.0
ELEM, 600, 624, 625, 1, 0.0
ELEM, 601, 625, 626, 1, 0.0
ELEM, 602, 626, 627, 1, 0.0
ELEM, 603, 627, 628, 1, 0.0
ELEM, 604, 628, 629, 1, 0.0
ELEM, 605, 235, 630, 1, 0.0
ELEM, 606, 630, 631, 1, 0.0
ELEM, 607, 631, 632, 1, 0.0
ELEM, 608, 632, 633, 1, 0.0
ELEM, 609, 633, 634, 1, 0.0
ELEM, 610, 634, 635, 1, 0.0
ELEM, 611, 635, 636, 1, 0.0
ELEM, 612, 636, 637, 1, 0.0
ELEM, 613, 637, 638, 1, 0.0
ELEM, 614, 638, 639, 1, 0.0
ELEM, 615, 639, 640, 1, 0.0
ELEM, 616, 640, 641, 1, 0.0
ELEM, 617, 641, 642, 1, 0.0
ELEM, 618, 642, 643, 1, 0.0
ELEM, 619, 643, 644, 1, 0.0
ELEM, 620, 644, 645, 1, 0.0
ELEM, 621, 252, 646, 1, 0.0
ELEM, 622, 646, 647, 1, 0.0
ELEM, 623, 647, 648, 1, 0.0
ELEM, 624, 648, 649, 1, 0.0
ELEM, 625, 649, 650, 1, 0.0
ELEM, 626, 650, 651, 1, 0.0
ELEM, 627, 651, 652, 1, 0.0
ELEM, 628, 652, 653, 1, 0.0
ELEM, 629, 653, 654, 1, 0.0
ELEM, 630, 654, 655, 1, 0.0
ELEM, 631, 655, 656, 1, 0.0
ELEM, 632, 656, 657, 1, 0.0
ELEM, 633, 657, 658, 1, 0.0
ELEM, 634, 658, 659, 1, 0.0
ELEM, 635, 659, 660, 1, 0.0
ELEM, 636, 660, 661, 1, 0.0
ELEM, 637, 661, 662, 1, 0.0
ELEM, 638, 269, 663, 1, 0.0
ELEM, 639, 663, 664, 1, 0.0
ELEM, 640, 664, 665, 1, 0.0
ELEM, 641, 665, 666, 1, 0.0
ELEM, 642, 666, 667, 1, 0.0
ELEM, 643, 667, 668, 1, 0.0
ELEM, 644, 668, 669, 1, 0.0
ELEM, 645, 669, 670, 1, 0.0
ELEM, 646, 670, 671, 1, 0.0
ELEM, 647, 671, 672, 1, 0.0
ELEM, 648, 672, 673, 1, 0.0
ELEM, 649, 673, 674, 1, 0.0
ELEM, 650, 674, 675, 1, 0.0
ELEM, 651, 675, 676, 1, 0.0
ELEM, 652, 676, 677, 1, 0.0
ELEM, 653, 677, 678, 1, 0.0
ELEM, 654, 286, 679, 1, 0.0
ELEM, 655, 679, 680, 1, 0.0
ELEM, 656, 680, 681, 1, 0.0
ELEM, 657, 681, 682, 1, 0.0
ELEM, 658, 682, 683, 1, 0.0
ELEM, 659, 683, 684, 1, 0.0
ELEM, 660, 684, 685, 1, 0.0
ELEM, 661, 685, 686, 1, 0.0
ELEM, 662, 686, 687, 1, 0.0
ELEM, 663, 687, 688, 1, 0.0
ELEM, 664, 688, 689, 1, 0.0
ELEM, 665, 689, 690, 1, 0.0
ELEM, 666, 690, 691, 1, 0.0
ELEM, 667, 691, 692, 1, 0.0
ELEM, 668, 692, 693, 1, 0.0
ELEM, 669, 693, 694, 1, 0.0
ELEM, 670, 303, 695, 1, 0.0
ELEM, 671, 695, 696, 1, 0.0
ELEM, 672, 696, 697, 1, 0.0
ELEM, 673, 697, 698, 1, 0.0
ELEM, 674, 698, 699, 1, 0.0
ELEM, 675, 699, 700, 1, 0.0
ELEM, 676, 700, 701, 1, 0.0
ELEM, 677, 701, 702, 1, 0.0
ELEM, 678, 702, 703, 1, 0.0
ELEM, 679, 703, 704, 1, 0.0
ELEM, 680, 704, 705, 1, 0.0
ELEM, 681, 705, 706, 1, 0.0
ELEM, 682, 706, 707, 1, 0.0
ELEM, 683, 707, 708, 1, 0.0
ELEM, 684, 708, 709, 1, 0.0
ELEM, 685, 709, 710, 1, 0.0
ELEM, 686, 320, 711, 1, 0.0
ELEM, 687, 711, 712, 1, 0.0
ELEM, 688, 712, 713, 1, 0.0
ELEM, 689, 713, 714, 1, 0.0
ELEM, 690, 714, 715, 1, 0.0
ELEM, 691, 715, 716, 1, 0.0
ELEM, 692, 716, 717, 1, 0.0
ELEM, 693, 717, 718, 1, 0.0
ELEM, 694, 718, 719, 1, 0.0
ELEM, 695, 719, 720, 1, 0.0
ELEM, 696, 720, 721, 1, 0.0
ELEM, 697, 721, 722, 1, 0.0
ELEM, 698, 722, 723, 1, 0.0
ELEM, 699, 723, 724, 1, 0.0
ELEM, 700, 724, 725, 1, 0.0
ELEM, 701, 725, 726, 1, 0.0
ELEM, 702, 337, 727, 1, 0.0
ELEM, 703, 727, 728, 1, 0.0
ELEM, 704, 728, 729, 1, 0.0
ELEM, 705, 729, 730, 1, 0.0
ELEM, 706, 730, 731, 1, 0.0
ELEM, 707, 731, 732, 1, 0.0
ELEM, 708, 732, 733, 1, 0.0
ELEM, 709, 733, 734, 1, 0.0
ELEM, 710, 734, 735, 1, 0.0
ELEM, 711, 735, 736, 1, 0.0
ELEM, 712, 736, 737, 1, 0.0
ELEM, 713, 737, 738, 1, 0.0
ELEM, 714, 738, 739, 1, 0.0
ELEM, 715, 739, 740, 1, 0.0
ELEM, 716, 740, 741, 1, 0.0
ELEM, 717, 741, 742, 1, 0.0
ELEM, 718, 354, 743, 1, 0.0
ELEM, 719, 743, 744, 1, 0.0
ELEM, 720, 744, 745, 1, 0.0
ELEM, 721, 745, 746, 1, 0.0
ELEM, 722, 746, 747, 1, 0.0
ELEM, 723, 747, 748, 1, 0.0
ELEM, 724, 748, 749, 1, 0.0
ELEM, 725, 749, 750, 1, 0.0
ELEM, 726, 750, 751, 1, 0.0
ELEM, 727, 751, 752, 1, 0.0
ELEM, 728, 752, 753, 1, 0.0
ELEM, 729, 753, 754, 1, 0.0
ELEM, 730, 754, 755, 1, 0.0
ELEM, 731, 755, 756, 1, 0.0
ELEM, 732, 756, 757, 1, 0.0
ELEM, 733, 757, 758, 1, 0.0
ELEM, 734, 371, 759, 1, 0.0
ELEM, 735, 759, 760, 1, 0.0
ELEM, 736, 760, 761, 1, 0.0
ELEM, 737, 761, 762, 1, 0.0
ELEM, 738, 762, 763, 1, 0.0
ELEM, 739, 763, 764, 1, 0.0
ELEM, 740, 764, 765, 1, 0.0
ELEM, 741, 765, 766, 1, 0.0
ELEM, 742, 766, 767, 1, 0.0
ELEM, 743, 767, 768, 1, 0.0
ELEM, 744, 768, 769, 1, 0.0
ELEM, 745, 769, 770, 1, 0.0
ELEM, 746, 770, 771, 1, 0.0
ELEM, 747, 771, 772, 1, 0.0
ELEM, 748, 772, 773, 1, 0.0
ELEM, 749, 773, 774, 1, 0.0
ELEM, 750, 388, 775, 1, 0.0
ELEM, 751, 775, 776, 1, 0.0
ELEM, 752, 776, 777, 1, 0.0
ELEM, 753, 777, 778, 1, 0.0
ELEM, 754, 778, 779, 1, 0.0
ELEM, 755, 779, 780, 1, 0.0
ELEM, 756, 780, 781, 1, 0.0
ELEM, 757, 781, 782, 1, 0.0
ELEM, 758, 782, 783, 1, 0.0
ELEM, 759, 783, 784, 1, 0.0
ELEM, 760, 784, 785, 1, 0.0
ELEM, 761, 785, 786, 1, 0.0
ELEM, 762, 786, 787, 1, 0.0
ELEM, 763, 787, 788, 1, 0.0
ELEM, 764, 788, 789, 1, 0.0
ELEM, 765, 789, 790, 1, 0.0
ELEM, 766, 405, 791, 1, 0.0
ELEM, 767, 791, 792, 1, 0.0
ELEM, 768, 792, 793, 1, 0.0
ELEM, 769, 793, 794, 1, 0.0
ELEM, 770, 794, 795, 1, 0.0
ELEM, 771, 795, 796, 1, 0.0
ELEM, 772, 796, 797, 1, 0.0
ELEM, 773, 797, 798, 1, 0.0
ELEM, 774, 798, 799, 1, 0.0
ELEM, 775, 799, 800, 1, 0.0
ELEM, 776, 800, 801, 1, 0.0
ELEM, 777, 801, 802, 1, 0.0
ELEM, 778, 802, 803, 1, 0.0
ELEM, 779, 803, 804, 1, 0.0
ELEM, 780, 804, 805, 1, 0.0
ELEM, 781, 805, 806, 1, 0.0
ELEM, 782, 807, 808, 4, 0.0
ELEM, 783, 808, 809, 4, 0.0
ELEM, 784, 809, 810, 4, 0.0
ELEM, 785, 810, 811, 4, 0.0
ELEM, 786, 811, 812, 4, 0.0
ELEM, 787, 812, 813, 4, 0.0
ELEM, 788, 813, 814, 4, 0.0
ELEM, 789, 814, 815, 4, 0.0
ELEM, 790, 815, 421, 4, 0.0
ELEM, 791, 421, 816, 4, 0.0
ELEM, 792, 816, 437, 4, 0.0
ELEM, 793, 437, 817, 4, 0.0
ELEM, 794, 817, 453, 4, 0.0
ELEM, 795, 453, 818, 4, 0.0
ELEM, 796, 818, 469, 4, 0.0
ELEM, 797, 469, 819, 4, 0.0
ELEM, 798, 819, 485, 4, 0.0
ELEM, 799, 485, 820, 4, 0.0
ELEM, 800, 820, 501, 4, 0.0
ELEM, 801, 501, 821, 4, 0.0
ELEM, 802, 821, 517, 4, 0.0
ELEM, 803, 517, 822, 4, 0.0
ELEM, 804, 822, 533, 4, 0.0
ELEM, 805, 533, 823, 4, 0.0
ELEM, 806, 823, 549, 4, 0.0
ELEM, 807, 549, 824, 4, 0.0
ELEM, 808, 824, 565, 4, 0.0
ELEM, 809, 565, 825, 4, 0.0
ELEM, 810, 825, 581, 4, 0.0
ELEM, 811, 581, 826, 4, 0.0
ELEM, 812, 826, 597, 4, 0.0
ELEM, 813, 597, 827, 4, 0.0
ELEM, 814, 827, 613, 4, 0.0
ELEM, 815, 613, 828, 4, 0.0
ELEM, 816, 828, 629, 4, 0.0
ELEM, 817, 629, 829, 4, 0.0
ELEM, 818, 829, 645, 4, 0.0
ELEM, 819, 645, 830, 4, 0.0
ELEM, 820, 830, 662, 4, 0.0
ELEM, 821, 662, 831, 4, 0.0
ELEM, 822, 831, 678, 4, 0.0
ELEM, 823, 678, 832, 4, 0.0
ELEM, 824, 832, 694, 4, 0.0
ELEM, 825, 694, 833, 4, 0.0
ELEM, 826, 833, 710, 4, 0.0
ELEM, 827, 710, 834, 4, 0.0
ELEM, 828, 834, 726, 4, 0.0
ELEM, 829, 726, 835, 4, 0.0
ELEM, 830, 835, 742, 4, 0.0
ELEM, 831, 742, 836, 4, 0.0
ELEM, 832, 836, 758, 4, 0.0
ELEM, 833, 758, 837, 4, 0.0
ELEM, 834, 837, 774, 4, 0.0
ELEM, 835, 774, 838, 4, 0.0
ELEM, 836, 838, 790, 4, 0.0
ELEM, 837, 790, 839, 4, 0.0
ELEM, 838, 839, 806, 4, 0.0
ELEM, 839, 806, 840, 4, 0.0
ELEM, 840, 841, 842, 4, 0.0
ELEM, 841, 842, 843, 4, 0.0
ELEM, 842, 843, 844, 4, 0.0
ELEM, 843, 844, 845, 4, 0.0
ELEM, 844, 845, 846, 4, 0.0
ELEM, 845, 846, 847, 4, 0.0
ELEM, 846, 847, 848, 4, 0.0
ELEM, 847, 848, 849, 4, 0.0
ELEM, 848, 849, 850, 4, 0.0
ELEM, 849, 850, 851, 4, 0.0
ELEM, 850, 851, 852, 4, 0.0
ELEM, 851, 852, 853, 4, 0.0
ELEM, 852, 853, 854, 4, 0.0
ELEM, 853, 854, 855, 4, 0.0
ELEM, 854, 855, 856, 4, 0.0
ELEM, 855, 856, 857, 4, 0.0
ELEM, 856, 857, 858, 4, 0.0
ELEM, 857, 858, 859, 4, 0.0
ELEM, 858, 859, 860, 4, 0.0
ELEM, 859, 860, 861, 4, 0.0
ELEM, 860, 861, 862, 4, 0.0
ELEM, 861, 862, 863, 4, 0.0
ELEM, 862, 863, 864, 4, 0.0
ELEM, 863, 864, 865, 4, 0.0
ELEM, 864, 865, 866, 4, 0.0
ELEM, 865, 866, 867, 4, 0.0
ELEM, 866, 867, 868, 4, 0.0
ELEM, 867, 868, 869, 4, 0.0
ELEM, 868, 869, 870, 4, 0.0
ELEM, 869, 870, 871, 4, 0.0
ELEM, 870, 871, 872, 4, 0.0
ELEM, 871, 872, 873, 4, 0.0
ELEM, 872, 873, 874, 4, 0.0
ELEM, 873, 874, 875, 4, 0.0
ELEM, 874, 875, 876, 4, 0.0
ELEM, 875, 876, 877, 4, 0.0
ELEM, 876, 877, 807, 4, 0.0
ELEM, 877, 878, 879, 3, 0.0
ELEM, 878, 879, 880, 3, 0.0
ELEM, 879, 880, 881, 3, 0.0
ELEM, 880, 881, 882, 3, 0.0
ELEM, 881, 882, 883, 3, 0.0
ELEM, 882, 883, 884, 3, 0.0
ELEM, 883, 884, 814, 3, 0.0
ELEM, 884, 885, 886, 2, 0.0
ELEM, 885, 886, 887, 2, 0.0
ELEM, 886, 887, 888, 2, 0.0
ELEM, 887, 888, 889, 2, 0.0
ELEM, 888, 889, 890, 2, 0.0
ELEM, 889, 890, 891, 2, 0.0
ELEM, 890, 891, 843, 2, 0.0
ELEM, 891, 892, 893, 2, 0.0
ELEM, 892, 893, 894, 2, 0.0
ELEM, 893, 894, 895, 2, 0.0
ELEM, 894, 895, 896, 2, 0.0
ELEM, 895, 896, 897, 2, 0.0
ELEM, 896, 897, 898, 2, 0.0
ELEM, 897, 898, 845, 2, 0.0
ELEM, 898, 899, 900, 2, 0.0
ELEM, 899, 900, 901, 2, 0.0
ELEM, 900, 901, 902, 2, 0.0
ELEM, 901, 902, 903, 2, 0.0
ELEM, 902, 903, 904, 2, 0.0
ELEM, 903, 904, 905, 2, 0.0
ELEM, 904, 905, 847, 2, 0.0
ELEM, 905, 906, 907, 2, 0.0
ELEM, 906, 907, 908, 2, 0.0
ELEM, 907, 908, 909, 2, 0.0
ELEM, 908, 909, 910, 2, 0.0
ELEM, 909, 910, 911, 2, 0.0
ELEM, 910, 911, 912, 2, 0.0
ELEM, 911, 912, 849, 2, 0.0
ELEM, 912, 913, 914, 2, 0.0
ELEM, 913, 914, 915, 2, 0.0
ELEM, 914, 915, 916, 2, 0.0
ELEM, 915, 916, 917, 2, 0.0
ELEM, 916, 917, 918, 2, 0.0
ELEM, 917, 918, 919, 2, 0.0
ELEM, 918, 919, 851, 2, 0.0
ELEM, 919, 920, 921, 2, 0.0
ELEM, 920, 921, 922, 2, 0.0
ELEM, 921, 922, 923, 2, 0.0
ELEM, 922, 923, 924, 2, 0.0
ELEM, 923, 924, 925, 2, 0.0
ELEM, 924, 925, 926, 2, 0.0
ELEM, 925, 926, 853, 2, 0.0
ELEM, 926, 927, 928, 2, 0.0
ELEM, 927, 928, 929, 2, 0.0
ELEM, 928, 929, 930, 2, 0.0
ELEM, 929, 930, 931, 2, 0.0
ELEM, 930, 931, 932, 2, 0.0
ELEM, 931, 932, 933, 2, 0.0
ELEM, 932, 933, 855, 2, 0.0
ELEM, 933, 934, 935, 2, 0.0
ELEM, 934, 935, 936, 2, 0.0
ELEM, 935, 936, 937, 2, 0.0
ELEM, 936, 937, 938, 2, 0.0
ELEM, 937, 938, 939, 2, 0.0
ELEM, 938, 939, 940, 2, 0.0
ELEM, 939, 940, 857, 2, 0.0
ELEM, 940, 941, 942, 2, 0.0
ELEM, 941, 942, 943, 2, 0.0
ELEM, 942, 943, 944, 2, 0.0
ELEM, 943, 944, 945, 2, 0.0
ELEM, 944, 945, 946, 2, 0.0
ELEM, 945, 946, 947, 2, 0.0
ELEM, 946, 947, 859, 2, 0.0
ELEM, 947, 948, 949, 2, 0.0
ELEM, 948, 949, 950, 2, 0.0
ELEM, 949, 950, 951, 2, 0.0
ELEM, 950, 951, 952, 2, 0.0
ELEM, 951, 952, 953, 2, 0.0
ELEM, 952, 953, 954, 2, 0.0
ELEM, 953, 954, 861, 2, 0.0
ELEM, 954, 955, 956, 2, 0.0
ELEM, 955, 956, 957, 2, 0.0
ELEM, 956, 957, 958, 2, 0.0
ELEM, 957, 958, 959, 2, 0.0
ELEM, 958, 959, 960, 2, 0.0
ELEM, 959, 960, 961, 2, 0.0
ELEM, 960, 961, 863, 2, 0.0
ELEM, 961, 962, 963, 2, 0.0
ELEM, 962, 963, 964, 2, 0.0
ELEM, 963, 964, 965, 2, 0.0
ELEM, 964, 965, 966, 2, 0.0
ELEM, 965, 966, 967, 2, 0.0
ELEM, 966, 967, 968, 2, 0.0
ELEM, 967, 968, 865, 2, 0.0
ELEM, 968, 969, 970, 2, 0.0
ELEM, 969, 970, 971, 2, 0.0
ELEM, 970, 971, 972, 2, 0.0
ELEM, 971, 972, 973, 2, 0.0
ELEM, 972, 973, 974, 2, 0.0
ELEM, 973, 974, 975, 2, 0.0
ELEM, 974, 975, 867, 2, 0.0
ELEM, 975, 976, 977, 2, 0.0
ELEM, 976, 977, 978, 2, 0.0
ELEM, 977, 978, 979, 2, 0.0
ELEM, 978, 979, 980, 2, 0.0
ELEM, 979, 980, 981, 2, 0.0
ELEM, 980, 981, 982, 2, 0.0
ELEM, 981, 982, 869, 2, 0.0
ELEM, 982, 879, 983, 2, 0.0
ELEM, 983, 983, 984, 2, 0.0
ELEM, 984, 984, 985, 2, 0.0
ELEM, 985, 985, 986, 2, 0.0
ELEM, 986, 986, 987, 2, 0.0
ELEM, 987, 987, 988, 2, 0.0
ELEM, 988, 988, 872, 2, 0.0
ELEM, 989, 881, 989, 2, 0.0
ELEM, 990, 989, 990, 2, 0.0
ELEM, 991, 990, 991, 2, 0.0
ELEM, 992, 991, 992, 2, 0.0
ELEM, 993, 992, 993, 2, 0.0
ELEM, 994, 993, 994, 2, 0.0
ELEM, 995, 994, 874, 2, 0.0
ELEM, 996, 883, 995, 2, 0.0
ELEM, 997, 995, 996, 2, 0.0
ELEM, 998, 996, 997, 2, 0.0
ELEM, 999, 997, 998, 2, 0.0
ELEM, 1000, 998, 999, 2, 0.0
ELEM, 1001, 999, 1000, 2, 0.0
ELEM, 1002, 1000, 876, 2, 0.0

# --- ELEMENT JOINT(EJNT) --- pins: Gerber hinges and beam ends on other beams
EJNT, 8, , , 0, 0
EJNT, 24, , , 0, 0
EJNT, 40, , , 0, 0
EJNT, 56, , , 0, 0
EJNT, 72, , , 0, 0
EJNT, 88, , , 0, 0
EJNT, 104, , , 0, 0
EJNT, 120, , , 0, 0
EJNT, 136, , , 0, 0
EJNT, 147, , , 0, 0
EJNT, 158, , , 0, 0
EJNT, 169, , , 0, 0
EJNT, 180, , , 0, 0
EJNT, 196, , , 0, 0
EJNT, 212, , , 0, 0
EJNT, 228, , , 0, 0
EJNT, 244, , , 0, 0
EJNT, 260, , , 0, 0
EJNT, 276, , , 0, 0
EJNT, 292, , , 0, 0
EJNT, 308, , , 0, 0
EJNT, 324, , , 0, 0
EJNT, 340, , , 0, 0
EJNT, 356, , , 0, 0
EJNT, 372, , , 0, 0
EJNT, 381, 0, 0, , 
EJNT, 388, , , 0, 0
EJNT, 396, , , 0, 0
EJNT, 397, 0, 0, , 
EJNT, 404, , , 0, 0
EJNT, 412, , , 0, 0
EJNT, 413, 0, 0, , 
EJNT, 420, , , 0, 0
EJNT, 428, , , 0, 0
EJNT, 429, 0, 0, , 
EJNT, 436, , , 0, 0
EJNT, 444, , , 0, 0
EJNT, 445, 0, 0, , 
EJNT, 452, , , 0, 0
EJNT, 460, , , 0, 0
EJNT, 461, 0, 0, , 
EJNT, 468, , , 0, 0
EJNT, 476, , , 0, 0
EJNT, 477, 0, 0, , 
EJNT, 484, , , 0, 0
EJNT, 492, , , 0, 0
EJNT, 493, 0, 0, , 
EJNT, 500, , , 0, 0
EJNT, 508, , , 0, 0
EJNT, 509, 0, 0, , 
EJNT, 516, , , 0, 0
EJNT, 524, , , 0, 0
EJNT, 525, 0, 0, , 
EJNT, 532, , , 0, 0
EJNT, 540, , , 0, 0
EJNT, 541, 0, 0, , 
EJNT, 548, , , 0, 0
EJNT, 556, , , 0, 0
EJNT, 557, 0, 0, , 
EJNT, 564, , , 0, 0
EJNT, 572, , , 0, 0
EJNT, 573, 0, 0, , 
EJNT, 580, , , 0, 0
EJNT, 588, , , 0, 0
EJNT, 589, 0, 0, , 
EJNT, 596, , , 0, 0
EJNT, 604, , , 0, 0
EJNT, 605, 0, 0, , 
EJNT, 612, , , 0, 0
EJNT, 620, , , 0, 0
EJNT, 621, 0, 0, , 
EJNT, 628, , , 0, 0
EJNT, 637, , , 0, 0
EJNT, 638, 0, 0, , 
EJNT, 645, , , 0, 0
EJNT, 653, , , 0, 0
EJNT, 654, 0, 0, , 
EJNT, 661, , , 0, 0
EJNT, 669, , , 0, 0
EJNT, 670, 0, 0, , 
EJNT, 677, , , 0, 0
EJNT, 685, , , 0, 0
EJNT, 686, 0, 0, , 
EJNT, 693, , , 0, 0
EJNT, 701, , , 0, 0
EJNT, 702, 0, 0, , 
EJNT, 709, , , 0, 0
EJNT, 717, , , 0, 0
EJNT, 718, 0, 0, , 
EJNT, 725, , , 0, 0
EJNT, 733, , , 0, 0
EJNT, 734, 0, 0, , 
EJNT, 741, , , 0, 0
EJNT, 749, , , 0, 0
EJNT, 750, 0, 0, , 
EJNT, 757, , , 0, 0
EJNT, 765, , , 0, 0
EJNT, 766, 0, 0, , 
EJNT, 773, , , 0, 0
EJNT, 781, , , 0, 0
EJNT, 876, , , 0, 0
EJNT, 883, , , 0, 0
EJNT, 890, , , 0, 0
EJNT, 897, , , 0, 0
EJNT, 904, , , 0, 0
EJNT, 911, , , 0, 0
EJNT, 918, , , 0, 0
EJNT, 925, , , 0, 0
EJNT, 932, , , 0, 0
EJNT, 939, , , 0, 0
EJNT, 946, , , 0, 0
EJNT, 953, , , 0, 0
EJNT, 960, , , 0, 0
EJNT, 967, , , 0, 0
EJNT, 974, , , 0, 0
EJNT, 981, , , 0, 0
EJNT, 982, 0, 0, , 
EJNT, 988, , , 0, 0
EJNT, 989, 0, 0, , 
EJNT, 995, , , 0, 0
EJNT, 996, 0, 0, , 
EJNT, 1002, , , 0, 0

# --- CONSTRAINT(CONS) --- pinned line supports; torsion of the member restrained
CONS, 1, 1, 1, 1, 0, 1, 0
CONS, 11, 1, 1, 1, 0, 1, 0
CONS, 16, 1, 1, 1, 0, 1, 0
CONS, 18, 1, 1, 1, 0, 1, 0
CONS, 28, 1, 1, 1, 0, 1, 0
CONS, 33, 1, 1, 1, 0, 1, 0
CONS, 35, 1, 1, 1, 0, 1, 0
CONS, 45, 1, 1, 1, 0, 1, 0
CONS, 50, 1, 1, 1, 0, 1, 0
CONS, 52, 1, 1, 1, 0, 1, 0
CONS, 62, 1, 1, 1, 0, 1, 0
CONS, 67, 1, 1, 1, 0, 1, 0
CONS, 69, 1, 1, 1, 0, 1, 0
CONS, 79, 1, 1, 1, 0, 1, 0
CONS, 84, 1, 1, 1, 0, 1, 0
CONS, 86, 1, 1, 1, 0, 1, 0
CONS, 96, 1, 1, 1, 0, 1, 0
CONS, 101, 1, 1, 1, 0, 1, 0
CONS, 103, 1, 1, 1, 0, 1, 0
CONS, 113, 1, 1, 1, 0, 1, 0
CONS, 118, 1, 1, 1, 0, 1, 0
CONS, 120, 1, 1, 1, 0, 1, 0
CONS, 130, 1, 1, 1, 0, 1, 0
CONS, 135, 1, 1, 1, 0, 1, 0
CONS, 137, 1, 1, 1, 0, 1, 0
CONS, 147, 1, 1, 1, 0, 1, 0
CONS, 152, 1, 1, 1, 0, 1, 0
CONS, 154, 1, 1, 1, 0, 1, 0
CONS, 159, 1, 1, 1, 0, 1, 0
CONS, 164, 1, 1, 1, 0, 1, 0
CONS, 166, 1, 1, 1, 0, 1, 0
CONS, 171, 1, 1, 1, 0, 1, 0
CONS, 176, 1, 1, 1, 0, 1, 0
CONS, 178, 1, 1, 1, 0, 1, 0
CONS, 183, 1, 1, 1, 0, 1, 0
CONS, 188, 1, 1, 1, 0, 1, 0
CONS, 190, 1, 1, 1, 0, 1, 0
CONS, 195, 1, 1, 1, 0, 1, 0
CONS, 200, 1, 1, 1, 0, 1, 0
CONS, 202, 1, 1, 1, 0, 1, 0
CONS, 212, 1, 1, 1, 0, 1, 0
CONS, 217, 1, 1, 1, 0, 1, 0
CONS, 219, 1, 1, 1, 0, 1, 0
CONS, 229, 1, 1, 1, 0, 1, 0
CONS, 234, 1, 1, 1, 0, 1, 0
CONS, 236, 1, 1, 1, 0, 1, 0
CONS, 246, 1, 1, 1, 0, 1, 0
CONS, 251, 1, 1, 1, 0, 1, 0
CONS, 253, 1, 1, 1, 0, 1, 0
CONS, 263, 1, 1, 1, 0, 1, 0
CONS, 268, 1, 1, 1, 0, 1, 0
CONS, 270, 1, 1, 1, 0, 1, 0
CONS, 280, 1, 1, 1, 0, 1, 0
CONS, 285, 1, 1, 1, 0, 1, 0
CONS, 287, 1, 1, 1, 0, 1, 0
CONS, 297, 1, 1, 1, 0, 1, 0
CONS, 302, 1, 1, 1, 0, 1, 0
CONS, 304, 1, 1, 1, 0, 1, 0
CONS, 314, 1, 1, 1, 0, 1, 0
CONS, 319, 1, 1, 1, 0, 1, 0
CONS, 321, 1, 1, 1, 0, 1, 0
CONS, 331, 1, 1, 1, 0, 1, 0
CONS, 336, 1, 1, 1, 0, 1, 0
CONS, 338, 1, 1, 1, 0, 1, 0
CONS, 348, 1, 1, 1, 0, 1, 0
CONS, 353, 1, 1, 1, 0, 1, 0
CONS, 355, 1, 1, 1, 0, 1, 0
CONS, 365, 1, 1, 1, 0, 1, 0
CONS, 370, 1, 1, 1, 0, 1, 0
CONS, 372, 1, 1, 1, 0, 1, 0
CONS, 382, 1, 1, 1, 0, 1, 0
CONS, 387, 1, 1, 1, 0, 1, 0
CONS, 389, 1, 1, 1, 0, 1, 0
CONS, 399, 1, 1, 1, 0, 1, 0
CONS, 404, 1, 1, 1, 0, 1, 0
CONS, 415, 1, 1, 1, 0, 1, 0
CONS, 431, 1, 1, 1, 0, 1, 0
CONS, 437, 1, 1, 1, 1, 0, 0
CONS, 447, 1, 1, 1, 0, 1, 0
CONS, 463, 1, 1, 1, 0, 1, 0
CONS, 466, 1, 1, 1, 0, 1, 0
CONS, 479, 1, 1, 1, 0, 1, 0
CONS, 495, 1, 1, 1, 0, 1, 0
CONS, 501, 1, 1, 1, 1, 0, 0
CONS, 511, 1, 1, 1, 0, 1, 0
CONS, 527, 1, 1, 1, 0, 1, 0
CONS, 543, 1, 1, 1, 0, 1, 0
CONS, 559, 1, 1, 1, 0, 1, 0
CONS, 575, 1, 1, 1, 0, 1, 0
CONS, 581, 1, 1, 1, 1, 0, 0
CONS, 591, 1, 1, 1, 0, 1, 0
CONS, 607, 1, 1, 1, 0, 1, 0
CONS, 623, 1, 1, 1, 0, 1, 0
CONS, 639, 1, 1, 1, 0, 1, 0
CONS, 655, 1, 1, 1, 0, 1, 0
CONS, 658, 1, 1, 1, 0, 1, 0
CONS, 662, 1, 1, 1, 1, 0, 0
CONS, 672, 1, 1, 1, 0, 1, 0
CONS, 688, 1, 1, 1, 0, 1, 0
CONS, 704, 1, 1, 1, 0, 1, 0
CONS, 720, 1, 1, 1, 0, 1, 0
CONS, 726, 1, 1, 1, 1, 0, 0
CONS, 736, 1, 1, 1, 0, 1, 0
CONS, 752, 1, 1, 1, 0, 1, 0
CONS, 768, 1, 1, 1, 0, 1, 0
CONS, 784, 1, 1, 1, 0, 1, 0
CONS, 800, 1, 1, 1, 0, 1, 0
CONS, 806, 1, 1, 1, 1, 0, 0
CONS, 808, 1, 1, 1, 1, 0, 0
CONS, 842, 1, 1, 1, 0, 1, 0
CONS, 852, 1, 1, 1, 0, 1, 0
CONS, 862, 1, 1, 1, 0, 1, 0
CONS, 871, 1, 1, 1, 0, 1, 0
CONS, 878, 1, 1, 1, 0, 1, 0
CONS, 885, 1, 1, 1, 1, 0, 0
CONS, 892, 1, 1, 1, 1, 0, 0
CONS, 899, 1, 1, 1, 1, 0, 0
CONS, 906, 1, 1, 1, 1, 0, 0
CONS, 913, 1, 1, 1, 1, 0, 0
CONS, 920, 1, 1, 1, 1, 0, 0
CONS, 927, 1, 1, 1, 1, 0, 0
CONS, 934, 1, 1, 1, 1, 0, 0
CONS, 941, 1, 1, 1, 1, 0, 0
CONS, 948, 1, 1, 1, 1, 0, 0
CONS, 955, 1, 1, 1, 1, 0, 0
CONS, 962, 1, 1, 1, 1, 0, 0
CONS, 969, 1, 1, 1, 1, 0, 0
CONS, 976, 1, 1, 1, 1, 0, 0

# --- LOAD NAME(LNME) ---
LNME, 1, 1, G
LNME, 3, 4, S
# --- LOAD COMBINATION(LCMB) ---
LCMB, 12, G+S, 1.0, 1, 1.0, 3

# --- MEMBER LOAD(ELOD) --- q x tributary width (plan), converted to per member length
ELOD, 1, 1, 1, 0, 0, -0.46701, 0, 0, -0.46701
ELOD, 1, 3, 1, 0, 0, -0.52869, 0, 0, -0.52869
ELOD, 2, 1, 1, 0, 0, -0.46701, 0, 0, -0.46701
ELOD, 2, 3, 1, 0, 0, -0.52869, 0, 0, -0.52869
ELOD, 3, 1, 1, 0, 0, -0.46701, 0, 0, -0.46701
ELOD, 3, 3, 1, 0, 0, -0.52869, 0, 0, -0.52869
ELOD, 4, 1, 1, 0, 0, -0.46701, 0, 0, -0.46701
ELOD, 4, 3, 1, 0, 0, -0.52869, 0, 0, -0.52869
ELOD, 5, 1, 1, 0, 0, -0.46701, 0, 0, -0.46701
ELOD, 5, 3, 1, 0, 0, -0.52869, 0, 0, -0.52869
ELOD, 6, 1, 1, 0, 0, -0.46701, 0, 0, -0.46701
ELOD, 6, 3, 1, 0, 0, -0.52869, 0, 0, -0.52869
ELOD, 7, 1, 1, 0, 0, -0.46701, 0, 0, -0.46701
ELOD, 7, 3, 1, 0, 0, -0.52869, 0, 0, -0.52869
ELOD, 8, 1, 1, 0, 0, -0.46701, 0, 0, -0.46701
ELOD, 8, 3, 1, 0, 0, -0.52869, 0, 0, -0.52869
ELOD, 9, 1, 1, 0, 0, -0.46701, 0, 0, -0.46701
ELOD, 9, 3, 1, 0, 0, -0.52869, 0, 0, -0.52869
ELOD, 10, 1, 1, 0, 0, -0.46701, 0, 0, -0.46701
ELOD, 10, 3, 1, 0, 0, -0.52869, 0, 0, -0.52869
ELOD, 11, 1, 1, 0, 0, -0.46701, 0, 0, -0.46701
ELOD, 11, 3, 1, 0, 0, -0.52869, 0, 0, -0.52869
ELOD, 12, 1, 1, 0, 0, -0.46701, 0, 0, -0.46701
ELOD, 12, 3, 1, 0, 0, -0.52869, 0, 0, -0.52869
ELOD, 13, 1, 1, 0, 0, -0.46701, 0, 0, -0.46701
ELOD, 13, 3, 1, 0, 0, -0.52869, 0, 0, -0.52869
ELOD, 14, 1, 1, 0, 0, -0.46701, 0, 0, -0.46701
ELOD, 14, 3, 1, 0, 0, -0.52869, 0, 0, -0.52869
ELOD, 15, 1, 1, 0, 0, -0.46701, 0, 0, -0.46701
ELOD, 15, 3, 1, 0, 0, -0.52869, 0, 0, -0.52869
ELOD, 16, 1, 1, 0, 0, -0.46701, 0, 0, -0.46701
ELOD, 16, 3, 1, 0, 0, -0.52869, 0, 0, -0.52869
ELOD, 17, 1, 1, 0, 0, -0.46701, 0, 0, -0.46701
ELOD, 17, 3, 1, 0, 0, -0.52869, 0, 0, -0.52869
ELOD, 18, 1, 1, 0, 0, -0.46701, 0, 0, -0.46701
ELOD, 18, 3, 1, 0, 0, -0.52869, 0, 0, -0.52869
ELOD, 19, 1, 1, 0, 0, -0.46701, 0, 0, -0.46701
ELOD, 19, 3, 1, 0, 0, -0.52869, 0, 0, -0.52869
ELOD, 20, 1, 1, 0, 0, -0.46701, 0, 0, -0.46701
ELOD, 20, 3, 1, 0, 0, -0.52869, 0, 0, -0.52869
ELOD, 21, 1, 1, 0, 0, -0.46701, 0, 0, -0.46701
ELOD, 21, 3, 1, 0, 0, -0.52869, 0, 0, -0.52869
ELOD, 22, 1, 1, 0, 0, -0.46701, 0, 0, -0.46701
ELOD, 22, 3, 1, 0, 0, -0.52869, 0, 0, -0.52869
ELOD, 23, 1, 1, 0, 0, -0.46701, 0, 0, -0.46701
ELOD, 23, 3, 1, 0, 0, -0.52869, 0, 0, -0.52869
ELOD, 24, 1, 1, 0, 0, -0.46701, 0, 0, -0.46701
ELOD, 24, 3, 1, 0, 0, -0.52869, 0, 0, -0.52869
ELOD, 25, 1, 1, 0, 0, -0.46701, 0, 0, -0.46701
ELOD, 25, 3, 1, 0, 0, -0.52869, 0, 0, -0.52869
ELOD, 26, 1, 1, 0, 0, -0.46701, 0, 0, -0.46701
ELOD, 26, 3, 1, 0, 0, -0.52869, 0, 0, -0.52869
ELOD, 27, 1, 1, 0, 0, -0.46701, 0, 0, -0.46701
ELOD, 27, 3, 1, 0, 0, -0.52869, 0, 0, -0.52869
ELOD, 28, 1, 1, 0, 0, -0.46701, 0, 0, -0.46701
ELOD, 28, 3, 1, 0, 0, -0.52869, 0, 0, -0.52869
ELOD, 29, 1, 1, 0, 0, -0.46701, 0, 0, -0.46701
ELOD, 29, 3, 1, 0, 0, -0.52869, 0, 0, -0.52869
ELOD, 30, 1, 1, 0, 0, -0.46701, 0, 0, -0.46701
ELOD, 30, 3, 1, 0, 0, -0.52869, 0, 0, -0.52869
ELOD, 31, 1, 1, 0, 0, -0.46701, 0, 0, -0.46701
ELOD, 31, 3, 1, 0, 0, -0.52869, 0, 0, -0.52869
ELOD, 32, 1, 1, 0, 0, -0.46701, 0, 0, -0.46701
ELOD, 32, 3, 1, 0, 0, -0.52869, 0, 0, -0.52869
ELOD, 33, 1, 1, 0, 0, -0.46701, 0, 0, -0.46701
ELOD, 33, 3, 1, 0, 0, -0.52869, 0, 0, -0.52869
ELOD, 34, 1, 1, 0, 0, -0.46701, 0, 0, -0.46701
ELOD, 34, 3, 1, 0, 0, -0.52869, 0, 0, -0.52869
ELOD, 35, 1, 1, 0, 0, -0.46701, 0, 0, -0.46701
ELOD, 35, 3, 1, 0, 0, -0.52869, 0, 0, -0.52869
ELOD, 36, 1, 1, 0, 0, -0.46701, 0, 0, -0.46701
ELOD, 36, 3, 1, 0, 0, -0.52869, 0, 0, -0.52869
ELOD, 37, 1, 1, 0, 0, -0.46701, 0, 0, -0.46701
ELOD, 37, 3, 1, 0, 0, -0.52869, 0, 0, -0.52869
ELOD, 38, 1, 1, 0, 0, -0.46701, 0, 0, -0.46701
ELOD, 38, 3, 1, 0, 0, -0.52869, 0, 0, -0.52869
ELOD, 39, 1, 1, 0, 0, -0.46701, 0, 0, -0.46701
ELOD, 39, 3, 1, 0, 0, -0.52869, 0, 0, -0.52869
ELOD, 40, 1, 1, 0, 0, -0.46701, 0, 0, -0.46701
ELOD, 40, 3, 1, 0, 0, -0.52869, 0, 0, -0.52869
ELOD, 41, 1, 1, 0, 0, -0.46701, 0, 0, -0.46701
ELOD, 41, 3, 1, 0, 0, -0.52869, 0, 0, -0.52869
ELOD, 42, 1, 1, 0, 0, -0.46701, 0, 0, -0.46701
ELOD, 42, 3, 1, 0, 0, -0.52869, 0, 0, -0.52869
ELOD, 43, 1, 1, 0, 0, -0.46701, 0, 0, -0.46701
ELOD, 43, 3, 1, 0, 0, -0.52869, 0, 0, -0.52869
ELOD, 44, 1, 1, 0, 0, -0.46701, 0, 0, -0.46701
ELOD, 44, 3, 1, 0, 0, -0.52869, 0, 0, -0.52869
ELOD, 45, 1, 1, 0, 0, -0.46701, 0, 0, -0.46701
ELOD, 45, 3, 1, 0, 0, -0.52869, 0, 0, -0.52869
ELOD, 46, 1, 1, 0, 0, -0.46701, 0, 0, -0.46701
ELOD, 46, 3, 1, 0, 0, -0.52869, 0, 0, -0.52869
ELOD, 47, 1, 1, 0, 0, -0.46701, 0, 0, -0.46701
ELOD, 47, 3, 1, 0, 0, -0.52869, 0, 0, -0.52869
ELOD, 48, 1, 1, 0, 0, -0.46701, 0, 0, -0.46701
ELOD, 48, 3, 1, 0, 0, -0.52869, 0, 0, -0.52869
ELOD, 49, 1, 1, 0, 0, -0.46701, 0, 0, -0.46701
ELOD, 49, 3, 1, 0, 0, -0.52869, 0, 0, -0.52869
ELOD, 50, 1, 1, 0, 0, -0.46701, 0, 0, -0.46701
ELOD, 50, 3, 1, 0, 0, -0.52869, 0, 0, -0.52869
ELOD, 51, 1, 1, 0, 0, -0.46701, 0, 0, -0.46701
ELOD, 51, 3, 1, 0, 0, -0.52869, 0, 0, -0.52869
ELOD, 52, 1, 1, 0, 0, -0.46701, 0, 0, -0.46701
ELOD, 52, 3, 1, 0, 0, -0.52869, 0, 0, -0.52869
ELOD, 53, 1, 1, 0, 0, -0.46701, 0, 0, -0.46701
ELOD, 53, 3, 1, 0, 0, -0.52869, 0, 0, -0.52869
ELOD, 54, 1, 1, 0, 0, -0.46701, 0, 0, -0.46701
ELOD, 54, 3, 1, 0, 0, -0.52869, 0, 0, -0.52869
ELOD, 55, 1, 1, 0, 0, -0.46701, 0, 0, -0.46701
ELOD, 55, 3, 1, 0, 0, -0.52869, 0, 0, -0.52869
ELOD, 56, 1, 1, 0, 0, -0.46701, 0, 0, -0.46701
ELOD, 56, 3, 1, 0, 0, -0.52869, 0, 0, -0.52869
ELOD, 57, 1, 1, 0, 0, -0.46701, 0, 0, -0.46701
ELOD, 57, 3, 1, 0, 0, -0.52869, 0, 0, -0.52869
ELOD, 58, 1, 1, 0, 0, -0.46701, 0, 0, -0.46701
ELOD, 58, 3, 1, 0, 0, -0.52869, 0, 0, -0.52869
ELOD, 59, 1, 1, 0, 0, -0.46701, 0, 0, -0.46701
ELOD, 59, 3, 1, 0, 0, -0.52869, 0, 0, -0.52869
ELOD, 60, 1, 1, 0, 0, -0.46701, 0, 0, -0.46701
ELOD, 60, 3, 1, 0, 0, -0.52869, 0, 0, -0.52869
ELOD, 61, 1, 1, 0, 0, -0.46701, 0, 0, -0.46701
ELOD, 61, 3, 1, 0, 0, -0.52869, 0, 0, -0.52869
ELOD, 62, 1, 1, 0, 0, -0.46701, 0, 0, -0.46701
ELOD, 62, 3, 1, 0, 0, -0.52869, 0, 0, -0.52869
ELOD, 63, 1, 1, 0, 0, -0.46701, 0, 0, -0.46701
ELOD, 63, 3, 1, 0, 0, -0.52869, 0, 0, -0.52869
ELOD, 64, 1, 1, 0, 0, -0.46701, 0, 0, -0.46701
ELOD, 64, 3, 1, 0, 0, -0.52869, 0, 0, -0.52869
ELOD, 65, 1, 1, 0, 0, -0.46701, 0, 0, -0.46701
ELOD, 65, 3, 1, 0, 0, -0.52869, 0, 0, -0.52869
ELOD, 66, 1, 1, 0, 0, -0.46701, 0, 0, -0.46701
ELOD, 66, 3, 1, 0, 0, -0.52869, 0, 0, -0.52869
ELOD, 67, 1, 1, 0, 0, -0.46701, 0, 0, -0.46701
ELOD, 67, 3, 1, 0, 0, -0.52869, 0, 0, -0.52869
ELOD, 68, 1, 1, 0, 0, -0.46701, 0, 0, -0.46701
ELOD, 68, 3, 1, 0, 0, -0.52869, 0, 0, -0.52869
ELOD, 69, 1, 1, 0, 0, -0.46701, 0, 0, -0.46701
ELOD, 69, 3, 1, 0, 0, -0.52869, 0, 0, -0.52869
ELOD, 70, 1, 1, 0, 0, -0.46701, 0, 0, -0.46701
ELOD, 70, 3, 1, 0, 0, -0.52869, 0, 0, -0.52869
ELOD, 71, 1, 1, 0, 0, -0.46701, 0, 0, -0.46701
ELOD, 71, 3, 1, 0, 0, -0.52869, 0, 0, -0.52869
ELOD, 72, 1, 1, 0, 0, -0.46701, 0, 0, -0.46701
ELOD, 72, 3, 1, 0, 0, -0.52869, 0, 0, -0.52869
ELOD, 73, 1, 1, 0, 0, -0.46701, 0, 0, -0.46701
ELOD, 73, 3, 1, 0, 0, -0.52869, 0, 0, -0.52869
ELOD, 74, 1, 1, 0, 0, -0.46701, 0, 0, -0.46701
ELOD, 74, 3, 1, 0, 0, -0.52869, 0, 0, -0.52869
ELOD, 75, 1, 1, 0, 0, -0.46701, 0, 0, -0.46701
ELOD, 75, 3, 1, 0, 0, -0.52869, 0, 0, -0.52869
ELOD, 76, 1, 1, 0, 0, -0.46701, 0, 0, -0.46701
ELOD, 76, 3, 1, 0, 0, -0.52869, 0, 0, -0.52869
ELOD, 77, 1, 1, 0, 0, -0.46701, 0, 0, -0.46701
ELOD, 77, 3, 1, 0, 0, -0.52869, 0, 0, -0.52869
ELOD, 78, 1, 1, 0, 0, -0.46701, 0, 0, -0.46701
ELOD, 78, 3, 1, 0, 0, -0.52869, 0, 0, -0.52869
ELOD, 79, 1, 1, 0, 0, -0.46701, 0, 0, -0.46701
ELOD, 79, 3, 1, 0, 0, -0.52869, 0, 0, -0.52869
ELOD, 80, 1, 1, 0, 0, -0.46701, 0, 0, -0.46701
ELOD, 80, 3, 1, 0, 0, -0.52869, 0, 0, -0.52869
ELOD, 81, 1, 1, 0, 0, -0.46701, 0, 0, -0.46701
ELOD, 81, 3, 1, 0, 0, -0.52869, 0, 0, -0.52869
ELOD, 82, 1, 1, 0, 0, -0.46701, 0, 0, -0.46701
ELOD, 82, 3, 1, 0, 0, -0.52869, 0, 0, -0.52869
ELOD, 83, 1, 1, 0, 0, -0.46701, 0, 0, -0.46701
ELOD, 83, 3, 1, 0, 0, -0.52869, 0, 0, -0.52869
ELOD, 84, 1, 1, 0, 0, -0.46701, 0, 0, -0.46701
ELOD, 84, 3, 1, 0, 0, -0.52869, 0, 0, -0.52869
ELOD, 85, 1, 1, 0, 0, -0.46701, 0, 0, -0.46701
ELOD, 85, 3, 1, 0, 0, -0.52869, 0, 0, -0.52869
ELOD, 86, 1, 1, 0, 0, -0.46701, 0, 0, -0.46701
ELOD, 86, 3, 1, 0, 0, -0.52869, 0, 0, -0.52869
ELOD, 87, 1, 1, 0, 0, -0.46701, 0, 0, -0.46701
ELOD, 87, 3, 1, 0, 0, -0.52869, 0, 0, -0.52869
ELOD, 88, 1, 1, 0, 0, -0.46701, 0, 0, -0.46701
ELOD, 88, 3, 1, 0, 0, -0.52869, 0, 0, -0.52869
ELOD, 89, 1, 1, 0, 0, -0.46701, 0, 0, -0.46701
ELOD, 89, 3, 1, 0, 0, -0.52869, 0, 0, -0.52869
ELOD, 90, 1, 1, 0, 0, -0.46701, 0, 0, -0.46701
ELOD, 90, 3, 1, 0, 0, -0.52869, 0, 0, -0.52869
ELOD, 91, 1, 1, 0, 0, -0.46701, 0, 0, -0.46701
ELOD, 91, 3, 1, 0, 0, -0.52869, 0, 0, -0.52869
ELOD, 92, 1, 1, 0, 0, -0.46701, 0, 0, -0.46701
ELOD, 92, 3, 1, 0, 0, -0.52869, 0, 0, -0.52869
ELOD, 93, 1, 1, 0, 0, -0.46701, 0, 0, -0.46701
ELOD, 93, 3, 1, 0, 0, -0.52869, 0, 0, -0.52869
ELOD, 94, 1, 1, 0, 0, -0.46701, 0, 0, -0.46701
ELOD, 94, 3, 1, 0, 0, -0.52869, 0, 0, -0.52869
ELOD, 95, 1, 1, 0, 0, -0.46701, 0, 0, -0.46701
ELOD, 95, 3, 1, 0, 0, -0.52869, 0, 0, -0.52869
ELOD, 96, 1, 1, 0, 0, -0.46701, 0, 0, -0.46701
ELOD, 96, 3, 1, 0, 0, -0.52869, 0, 0, -0.52869
ELOD, 97, 1, 1, 0, 0, -0.46701, 0, 0, -0.46701
ELOD, 97, 3, 1, 0, 0, -0.52869, 0, 0, -0.52869
ELOD, 98, 1, 1, 0, 0, -0.46701, 0, 0, -0.46701
ELOD, 98, 3, 1, 0, 0, -0.52869, 0, 0, -0.52869
ELOD, 99, 1, 1, 0, 0, -0.46701, 0, 0, -0.46701
ELOD, 99, 3, 1, 0, 0, -0.52869, 0, 0, -0.52869
ELOD, 100, 1, 1, 0, 0, -0.46701, 0, 0, -0.46701
ELOD, 100, 3, 1, 0, 0, -0.52869, 0, 0, -0.52869
ELOD, 101, 1, 1, 0, 0, -0.46701, 0, 0, -0.46701
ELOD, 101, 3, 1, 0, 0, -0.52869, 0, 0, -0.52869
ELOD, 102, 1, 1, 0, 0, -0.46701, 0, 0, -0.46701
ELOD, 102, 3, 1, 0, 0, -0.52869, 0, 0, -0.52869
ELOD, 103, 1, 1, 0, 0, -0.46701, 0, 0, -0.46701
ELOD, 103, 3, 1, 0, 0, -0.52869, 0, 0, -0.52869
ELOD, 104, 1, 1, 0, 0, -0.46701, 0, 0, -0.46701
ELOD, 104, 3, 1, 0, 0, -0.52869, 0, 0, -0.52869
ELOD, 105, 1, 1, 0, 0, -0.46701, 0, 0, -0.46701
ELOD, 105, 3, 1, 0, 0, -0.52869, 0, 0, -0.52869
ELOD, 106, 1, 1, 0, 0, -0.46701, 0, 0, -0.46701
ELOD, 106, 3, 1, 0, 0, -0.52869, 0, 0, -0.52869
ELOD, 107, 1, 1, 0, 0, -0.46701, 0, 0, -0.46701
ELOD, 107, 3, 1, 0, 0, -0.52869, 0, 0, -0.52869
ELOD, 108, 1, 1, 0, 0, -0.46701, 0, 0, -0.46701
ELOD, 108, 3, 1, 0, 0, -0.52869, 0, 0, -0.52869
ELOD, 109, 1, 1, 0, 0, -0.46701, 0, 0, -0.46701
ELOD, 109, 3, 1, 0, 0, -0.52869, 0, 0, -0.52869
ELOD, 110, 1, 1, 0, 0, -0.46701, 0, 0, -0.46701
ELOD, 110, 3, 1, 0, 0, -0.52869, 0, 0, -0.52869
ELOD, 111, 1, 1, 0, 0, -0.46701, 0, 0, -0.46701
ELOD, 111, 3, 1, 0, 0, -0.52869, 0, 0, -0.52869
ELOD, 112, 1, 1, 0, 0, -0.46701, 0, 0, -0.46701
ELOD, 112, 3, 1, 0, 0, -0.52869, 0, 0, -0.52869
ELOD, 113, 1, 1, 0, 0, -0.46701, 0, 0, -0.46701
ELOD, 113, 3, 1, 0, 0, -0.52869, 0, 0, -0.52869
ELOD, 114, 1, 1, 0, 0, -0.46701, 0, 0, -0.46701
ELOD, 114, 3, 1, 0, 0, -0.52869, 0, 0, -0.52869
ELOD, 115, 1, 1, 0, 0, -0.46701, 0, 0, -0.46701
ELOD, 115, 3, 1, 0, 0, -0.52869, 0, 0, -0.52869
ELOD, 116, 1, 1, 0, 0, -0.46701, 0, 0, -0.46701
ELOD, 116, 3, 1, 0, 0, -0.52869, 0, 0, -0.52869
ELOD, 117, 1, 1, 0, 0, -0.46701, 0, 0, -0.46701
ELOD, 117, 3, 1, 0, 0, -0.52869, 0, 0, -0.52869
ELOD, 118, 1, 1, 0, 0, -0.46701, 0, 0, -0.46701
ELOD, 118, 3, 1, 0, 0, -0.52869, 0, 0, -0.52869
ELOD, 119, 1, 1, 0, 0, -0.46701, 0, 0, -0.46701
ELOD, 119, 3, 1, 0, 0, -0.52869, 0, 0, -0.52869
ELOD, 120, 1, 1, 0, 0, -0.46701, 0, 0, -0.46701
ELOD, 120, 3, 1, 0, 0, -0.52869, 0, 0, -0.52869
ELOD, 121, 1, 1, 0, 0, -0.46701, 0, 0, -0.46701
ELOD, 121, 3, 1, 0, 0, -0.52869, 0, 0, -0.52869
ELOD, 122, 1, 1, 0, 0, -0.46701, 0, 0, -0.46701
ELOD, 122, 3, 1, 0, 0, -0.52869, 0, 0, -0.52869
ELOD, 123, 1, 1, 0, 0, -0.46701, 0, 0, -0.46701
ELOD, 123, 3, 1, 0, 0, -0.52869, 0, 0, -0.52869
ELOD, 124, 1, 1, 0, 0, -0.46701, 0, 0, -0.46701
ELOD, 124, 3, 1, 0, 0, -0.52869, 0, 0, -0.52869
ELOD, 125, 1, 1, 0, 0, -0.46701, 0, 0, -0.46701
ELOD, 125, 3, 1, 0, 0, -0.52869, 0, 0, -0.52869
ELOD, 126, 1, 1, 0, 0, -0.46701, 0, 0, -0.46701
ELOD, 126, 3, 1, 0, 0, -0.52869, 0, 0, -0.52869
ELOD, 127, 1, 1, 0, 0, -0.46701, 0, 0, -0.46701
ELOD, 127, 3, 1, 0, 0, -0.52869, 0, 0, -0.52869
ELOD, 128, 1, 1, 0, 0, -0.46701, 0, 0, -0.46701
ELOD, 128, 3, 1, 0, 0, -0.52869, 0, 0, -0.52869
ELOD, 129, 1, 1, 0, 0, -0.46701, 0, 0, -0.46701
ELOD, 129, 3, 1, 0, 0, -0.52869, 0, 0, -0.52869
ELOD, 130, 1, 1, 0, 0, -0.46701, 0, 0, -0.46701
ELOD, 130, 3, 1, 0, 0, -0.52869, 0, 0, -0.52869
ELOD, 131, 1, 1, 0, 0, -0.46701, 0, 0, -0.46701
ELOD, 131, 3, 1, 0, 0, -0.52869, 0, 0, -0.52869
ELOD, 132, 1, 1, 0, 0, -0.46701, 0, 0, -0.46701
ELOD, 132, 3, 1, 0, 0, -0.52869, 0, 0, -0.52869
ELOD, 133, 1, 1, 0, 0, -0.46701, 0, 0, -0.46701
ELOD, 133, 3, 1, 0, 0, -0.52869, 0, 0, -0.52869
ELOD, 134, 1, 1, 0, 0, -0.46701, 0, 0, -0.46701
ELOD, 134, 3, 1, 0, 0, -0.52869, 0, 0, -0.52869
ELOD, 135, 1, 1, 0, 0, -0.46701, 0, 0, -0.46701
ELOD, 135, 3, 1, 0, 0, -0.52869, 0, 0, -0.52869
ELOD, 136, 1, 1, 0, 0, -0.46701, 0, 0, -0.46701
ELOD, 136, 3, 1, 0, 0, -0.52869, 0, 0, -0.52869
ELOD, 137, 1, 1, 0, 0, -0.46701, 0, 0, -0.46701
ELOD, 137, 3, 1, 0, 0, -0.52869, 0, 0, -0.52869
ELOD, 138, 1, 1, 0, 0, -0.46701, 0, 0, -0.46701
ELOD, 138, 3, 1, 0, 0, -0.52869, 0, 0, -0.52869
ELOD, 139, 1, 1, 0, 0, -0.46701, 0, 0, -0.46701
ELOD, 139, 3, 1, 0, 0, -0.52869, 0, 0, -0.52869
ELOD, 140, 1, 1, 0, 0, -0.46701, 0, 0, -0.46701
ELOD, 140, 3, 1, 0, 0, -0.52869, 0, 0, -0.52869
ELOD, 141, 1, 1, 0, 0, -0.46701, 0, 0, -0.46701
ELOD, 141, 3, 1, 0, 0, -0.52869, 0, 0, -0.52869
ELOD, 142, 1, 1, 0, 0, -0.46701, 0, 0, -0.46701
ELOD, 142, 3, 1, 0, 0, -0.52869, 0, 0, -0.52869
ELOD, 143, 1, 1, 0, 0, -0.46701, 0, 0, -0.46701
ELOD, 143, 3, 1, 0, 0, -0.52869, 0, 0, -0.52869
ELOD, 144, 1, 1, 0, 0, -0.46701, 0, 0, -0.46701
ELOD, 144, 3, 1, 0, 0, -0.52869, 0, 0, -0.52869
ELOD, 145, 1, 1, 0, 0, -0.46701, 0, 0, -0.46701
ELOD, 145, 3, 1, 0, 0, -0.52869, 0, 0, -0.52869
ELOD, 146, 1, 1, 0, 0, -0.46701, 0, 0, -0.46701
ELOD, 146, 3, 1, 0, 0, -0.52869, 0, 0, -0.52869
ELOD, 147, 1, 1, 0, 0, -0.46701, 0, 0, -0.46701
ELOD, 147, 3, 1, 0, 0, -0.52869, 0, 0, -0.52869
ELOD, 148, 1, 1, 0, 0, -0.46701, 0, 0, -0.46701
ELOD, 148, 3, 1, 0, 0, -0.52869, 0, 0, -0.52869
ELOD, 149, 1, 1, 0, 0, -0.46701, 0, 0, -0.46701
ELOD, 149, 3, 1, 0, 0, -0.52869, 0, 0, -0.52869
ELOD, 150, 1, 1, 0, 0, -0.46701, 0, 0, -0.46701
ELOD, 150, 3, 1, 0, 0, -0.52869, 0, 0, -0.52869
ELOD, 151, 1, 1, 0, 0, -0.46701, 0, 0, -0.46701
ELOD, 151, 3, 1, 0, 0, -0.52869, 0, 0, -0.52869
ELOD, 152, 1, 1, 0, 0, -0.46701, 0, 0, -0.46701
ELOD, 152, 3, 1, 0, 0, -0.52869, 0, 0, -0.52869
ELOD, 153, 1, 1, 0, 0, -0.46701, 0, 0, -0.46701
ELOD, 153, 3, 1, 0, 0, -0.52869, 0, 0, -0.52869
ELOD, 154, 1, 1, 0, 0, -0.46701, 0, 0, -0.46701
ELOD, 154, 3, 1, 0, 0, -0.52869, 0, 0, -0.52869
ELOD, 155, 1, 1, 0, 0, -0.46701, 0, 0, -0.46701
ELOD, 155, 3, 1, 0, 0, -0.52869, 0, 0, -0.52869
ELOD, 156, 1, 1, 0, 0, -0.46701, 0, 0, -0.46701
ELOD, 156, 3, 1, 0, 0, -0.52869, 0, 0, -0.52869
ELOD, 157, 1, 1, 0, 0, -0.46701, 0, 0, -0.46701
ELOD, 157, 3, 1, 0, 0, -0.52869, 0, 0, -0.52869
ELOD, 158, 1, 1, 0, 0, -0.46701, 0, 0, -0.46701
ELOD, 158, 3, 1, 0, 0, -0.52869, 0, 0, -0.52869
ELOD, 159, 1, 1, 0, 0, -0.46701, 0, 0, -0.46701
ELOD, 159, 3, 1, 0, 0, -0.52869, 0, 0, -0.52869
ELOD, 160, 1, 1, 0, 0, -0.46701, 0, 0, -0.46701
ELOD, 160, 3, 1, 0, 0, -0.52869, 0, 0, -0.52869
ELOD, 161, 1, 1, 0, 0, -0.46701, 0, 0, -0.46701
ELOD, 161, 3, 1, 0, 0, -0.52869, 0, 0, -0.52869
ELOD, 162, 1, 1, 0, 0, -0.46701, 0, 0, -0.46701
ELOD, 162, 3, 1, 0, 0, -0.52869, 0, 0, -0.52869
ELOD, 163, 1, 1, 0, 0, -0.46701, 0, 0, -0.46701
ELOD, 163, 3, 1, 0, 0, -0.52869, 0, 0, -0.52869
ELOD, 164, 1, 1, 0, 0, -0.46701, 0, 0, -0.46701
ELOD, 164, 3, 1, 0, 0, -0.52869, 0, 0, -0.52869
ELOD, 165, 1, 1, 0, 0, -0.46701, 0, 0, -0.46701
ELOD, 165, 3, 1, 0, 0, -0.52869, 0, 0, -0.52869
ELOD, 166, 1, 1, 0, 0, -0.46701, 0, 0, -0.46701
ELOD, 166, 3, 1, 0, 0, -0.52869, 0, 0, -0.52869
ELOD, 167, 1, 1, 0, 0, -0.46701, 0, 0, -0.46701
ELOD, 167, 3, 1, 0, 0, -0.52869, 0, 0, -0.52869
ELOD, 168, 1, 1, 0, 0, -0.46701, 0, 0, -0.46701
ELOD, 168, 3, 1, 0, 0, -0.52869, 0, 0, -0.52869
ELOD, 169, 1, 1, 0, 0, -0.46701, 0, 0, -0.46701
ELOD, 169, 3, 1, 0, 0, -0.52869, 0, 0, -0.52869
ELOD, 170, 1, 1, 0, 0, -0.46701, 0, 0, -0.46701
ELOD, 170, 3, 1, 0, 0, -0.52869, 0, 0, -0.52869
ELOD, 171, 1, 1, 0, 0, -0.46701, 0, 0, -0.46701
ELOD, 171, 3, 1, 0, 0, -0.52869, 0, 0, -0.52869
ELOD, 172, 1, 1, 0, 0, -0.46701, 0, 0, -0.46701
ELOD, 172, 3, 1, 0, 0, -0.52869, 0, 0, -0.52869
ELOD, 173, 1, 1, 0, 0, -0.46701, 0, 0, -0.46701
ELOD, 173, 3, 1, 0, 0, -0.52869, 0, 0, -0.52869
ELOD, 174, 1, 1, 0, 0, -0.46701, 0, 0, -0.46701
ELOD, 174, 3, 1, 0, 0, -0.52869, 0, 0, -0.52869
ELOD, 175, 1, 1, 0, 0, -0.46701, 0, 0, -0.46701
ELOD, 175, 3, 1, 0, 0, -0.52869, 0, 0, -0.52869
ELOD, 176, 1, 1, 0, 0, -0.46701, 0, 0, -0.46701
ELOD, 176, 3, 1, 0, 0, -0.52869, 0, 0, -0.52869
ELOD, 177, 1, 1, 0, 0, -0.46701, 0, 0, -0.46701
ELOD, 177, 3, 1, 0, 0, -0.52869, 0, 0, -0.52869
ELOD, 178, 1, 1, 0, 0, -0.46701, 0, 0, -0.46701
ELOD, 178, 3, 1, 0, 0, -0.52869, 0, 0, -0.52869
ELOD, 179, 1, 1, 0, 0, -0.46701, 0, 0, -0.46701
ELOD, 179, 3, 1, 0, 0, -0.52869, 0, 0, -0.52869
ELOD, 180, 1, 1, 0, 0, -0.46701, 0, 0, -0.46701
ELOD, 180, 3, 1, 0, 0, -0.52869, 0, 0, -0.52869
ELOD, 181, 1, 1, 0, 0, -0.46701, 0, 0, -0.46701
ELOD, 181, 3, 1, 0, 0, -0.52869, 0, 0, -0.52869
ELOD, 182, 1, 1, 0, 0, -0.46701, 0, 0, -0.46701
ELOD, 182, 3, 1, 0, 0, -0.52869, 0, 0, -0.52869
ELOD, 183, 1, 1, 0, 0, -0.46701, 0, 0, -0.46701
ELOD, 183, 3, 1, 0, 0, -0.52869, 0, 0, -0.52869
ELOD, 184, 1, 1, 0, 0, -0.46701, 0, 0, -0.46701
ELOD, 184, 3, 1, 0, 0, -0.52869, 0, 0, -0.52869
ELOD, 185, 1, 1, 0, 0, -0.46701, 0, 0, -0.46701
ELOD, 185, 3, 1, 0, 0, -0.52869, 0, 0, -0.52869
ELOD, 186, 1, 1, 0, 0, -0.46701, 0, 0, -0.46701
ELOD, 186, 3, 1, 0, 0, -0.52869, 0, 0, -0.52869
ELOD, 187, 1, 1, 0, 0, -0.46701, 0, 0, -0.46701
ELOD, 187, 3, 1, 0, 0, -0.52869, 0, 0, -0.52869
ELOD, 188, 1, 1, 0, 0, -0.46701, 0, 0, -0.46701
ELOD, 188, 3, 1, 0, 0, -0.52869, 0, 0, -0.52869
ELOD, 189, 1, 1, 0, 0, -0.46701, 0, 0, -0.46701
ELOD, 189, 3, 1, 0, 0, -0.52869, 0, 0, -0.52869
ELOD, 190, 1, 1, 0, 0, -0.46701, 0, 0, -0.46701
ELOD, 190, 3, 1, 0, 0, -0.52869, 0, 0, -0.52869
ELOD, 191, 1, 1, 0, 0, -0.46701, 0, 0, -0.46701
ELOD, 191, 3, 1, 0, 0, -0.52869, 0, 0, -0.52869
ELOD, 192, 1, 1, 0, 0, -0.46701, 0, 0, -0.46701
ELOD, 192, 3, 1, 0, 0, -0.52869, 0, 0, -0.52869
ELOD, 193, 1, 1, 0, 0, -0.46701, 0, 0, -0.46701
ELOD, 193, 3, 1, 0, 0, -0.52869, 0, 0, -0.52869
ELOD, 194, 1, 1, 0, 0, -0.46701, 0, 0, -0.46701
ELOD, 194, 3, 1, 0, 0, -0.52869, 0, 0, -0.52869
ELOD, 195, 1, 1, 0, 0, -0.46701, 0, 0, -0.46701
ELOD, 195, 3, 1, 0, 0, -0.52869, 0, 0, -0.52869
ELOD, 196, 1, 1, 0, 0, -0.46701, 0, 0, -0.46701
ELOD, 196, 3, 1, 0, 0, -0.52869, 0, 0, -0.52869
ELOD, 197, 1, 1, 0, 0, -0.46701, 0, 0, -0.46701
ELOD, 197, 3, 1, 0, 0, -0.52869, 0, 0, -0.52869
ELOD, 198, 1, 1, 0, 0, -0.46701, 0, 0, -0.46701
ELOD, 198, 3, 1, 0, 0, -0.52869, 0, 0, -0.52869
ELOD, 199, 1, 1, 0, 0, -0.46701, 0, 0, -0.46701
ELOD, 199, 3, 1, 0, 0, -0.52869, 0, 0, -0.52869
ELOD, 200, 1, 1, 0, 0, -0.46701, 0, 0, -0.46701
ELOD, 200, 3, 1, 0, 0, -0.52869, 0, 0, -0.52869
ELOD, 201, 1, 1, 0, 0, -0.46701, 0, 0, -0.46701
ELOD, 201, 3, 1, 0, 0, -0.52869, 0, 0, -0.52869
ELOD, 202, 1, 1, 0, 0, -0.46701, 0, 0, -0.46701
ELOD, 202, 3, 1, 0, 0, -0.52869, 0, 0, -0.52869
ELOD, 203, 1, 1, 0, 0, -0.46701, 0, 0, -0.46701
ELOD, 203, 3, 1, 0, 0, -0.52869, 0, 0, -0.52869
ELOD, 204, 1, 1, 0, 0, -0.46701, 0, 0, -0.46701
ELOD, 204, 3, 1, 0, 0, -0.52869, 0, 0, -0.52869
ELOD, 205, 1, 1, 0, 0, -0.46701, 0, 0, -0.46701
ELOD, 205, 3, 1, 0, 0, -0.52869, 0, 0, -0.52869
ELOD, 206, 1, 1, 0, 0, -0.46701, 0, 0, -0.46701
ELOD, 206, 3, 1, 0, 0, -0.52869, 0, 0, -0.52869
ELOD, 207, 1, 1, 0, 0, -0.46701, 0, 0, -0.46701
ELOD, 207, 3, 1, 0, 0, -0.52869, 0, 0, -0.52869
ELOD, 208, 1, 1, 0, 0, -0.46701, 0, 0, -0.46701
ELOD, 208, 3, 1, 0, 0, -0.52869, 0, 0, -0.52869
ELOD, 209, 1, 1, 0, 0, -0.46701, 0, 0, -0.46701
ELOD, 209, 3, 1, 0, 0, -0.52869, 0, 0, -0.52869
ELOD, 210, 1, 1, 0, 0, -0.46701, 0, 0, -0.46701
ELOD, 210, 3, 1, 0, 0, -0.52869, 0, 0, -0.52869
ELOD, 211, 1, 1, 0, 0, -0.46701, 0, 0, -0.46701
ELOD, 211, 3, 1, 0, 0, -0.52869, 0, 0, -0.52869
ELOD, 212, 1, 1, 0, 0, -0.46701, 0, 0, -0.46701
ELOD, 212, 3, 1, 0, 0, -0.52869, 0, 0, -0.52869
ELOD, 213, 1, 1, 0, 0, -0.46701, 0, 0, -0.46701
ELOD, 213, 3, 1, 0, 0, -0.52869, 0, 0, -0.52869
ELOD, 214, 1, 1, 0, 0, -0.46701, 0, 0, -0.46701
ELOD, 214, 3, 1, 0, 0, -0.52869, 0, 0, -0.52869
ELOD, 215, 1, 1, 0, 0, -0.46701, 0, 0, -0.46701
ELOD, 215, 3, 1, 0, 0, -0.52869, 0, 0, -0.52869
ELOD, 216, 1, 1, 0, 0, -0.46701, 0, 0, -0.46701
ELOD, 216, 3, 1, 0, 0, -0.52869, 0, 0, -0.52869
ELOD, 217, 1, 1, 0, 0, -0.46701, 0, 0, -0.46701
ELOD, 217, 3, 1, 0, 0, -0.52869, 0, 0, -0.52869
ELOD, 218, 1, 1, 0, 0, -0.46701, 0, 0, -0.46701
ELOD, 218, 3, 1, 0, 0, -0.52869, 0, 0, -0.52869
ELOD, 219, 1, 1, 0, 0, -0.46701, 0, 0, -0.46701
ELOD, 219, 3, 1, 0, 0, -0.52869, 0, 0, -0.52869
ELOD, 220, 1, 1, 0, 0, -0.46701, 0, 0, -0.46701
ELOD, 220, 3, 1, 0, 0, -0.52869, 0, 0, -0.52869
ELOD, 221, 1, 1, 0, 0, -0.46701, 0, 0, -0.46701
ELOD, 221, 3, 1, 0, 0, -0.52869, 0, 0, -0.52869
ELOD, 222, 1, 1, 0, 0, -0.46701, 0, 0, -0.46701
ELOD, 222, 3, 1, 0, 0, -0.52869, 0, 0, -0.52869
ELOD, 223, 1, 1, 0, 0, -0.46701, 0, 0, -0.46701
ELOD, 223, 3, 1, 0, 0, -0.52869, 0, 0, -0.52869
ELOD, 224, 1, 1, 0, 0, -0.46701, 0, 0, -0.46701
ELOD, 224, 3, 1, 0, 0, -0.52869, 0, 0, -0.52869
ELOD, 225, 1, 1, 0, 0, -0.46701, 0, 0, -0.46701
ELOD, 225, 3, 1, 0, 0, -0.52869, 0, 0, -0.52869
ELOD, 226, 1, 1, 0, 0, -0.46701, 0, 0, -0.46701
ELOD, 226, 3, 1, 0, 0, -0.52869, 0, 0, -0.52869
ELOD, 227, 1, 1, 0, 0, -0.46701, 0, 0, -0.46701
ELOD, 227, 3, 1, 0, 0, -0.52869, 0, 0, -0.52869
ELOD, 228, 1, 1, 0, 0, -0.46701, 0, 0, -0.46701
ELOD, 228, 3, 1, 0, 0, -0.52869, 0, 0, -0.52869
ELOD, 229, 1, 1, 0, 0, -0.46701, 0, 0, -0.46701
ELOD, 229, 3, 1, 0, 0, -0.52869, 0, 0, -0.52869
ELOD, 230, 1, 1, 0, 0, -0.46701, 0, 0, -0.46701
ELOD, 230, 3, 1, 0, 0, -0.52869, 0, 0, -0.52869
ELOD, 231, 1, 1, 0, 0, -0.46701, 0, 0, -0.46701
ELOD, 231, 3, 1, 0, 0, -0.52869, 0, 0, -0.52869
ELOD, 232, 1, 1, 0, 0, -0.46701, 0, 0, -0.46701
ELOD, 232, 3, 1, 0, 0, -0.52869, 0, 0, -0.52869
ELOD, 233, 1, 1, 0, 0, -0.46701, 0, 0, -0.46701
ELOD, 233, 3, 1, 0, 0, -0.52869, 0, 0, -0.52869
ELOD, 234, 1, 1, 0, 0, -0.46701, 0, 0, -0.46701
ELOD, 234, 3, 1, 0, 0, -0.52869, 0, 0, -0.52869
ELOD, 235, 1, 1, 0, 0, -0.46701, 0, 0, -0.46701
ELOD, 235, 3, 1, 0, 0, -0.52869, 0, 0, -0.52869
ELOD, 236, 1, 1, 0, 0, -0.46701, 0, 0, -0.46701
ELOD, 236, 3, 1, 0, 0, -0.52869, 0, 0, -0.52869
ELOD, 237, 1, 1, 0, 0, -0.46701, 0, 0, -0.46701
ELOD, 237, 3, 1, 0, 0, -0.52869, 0, 0, -0.52869
ELOD, 238, 1, 1, 0, 0, -0.46701, 0, 0, -0.46701
ELOD, 238, 3, 1, 0, 0, -0.52869, 0, 0, -0.52869
ELOD, 239, 1, 1, 0, 0, -0.46701, 0, 0, -0.46701
ELOD, 239, 3, 1, 0, 0, -0.52869, 0, 0, -0.52869
ELOD, 240, 1, 1, 0, 0, -0.46701, 0, 0, -0.46701
ELOD, 240, 3, 1, 0, 0, -0.52869, 0, 0, -0.52869
ELOD, 241, 1, 1, 0, 0, -0.46701, 0, 0, -0.46701
ELOD, 241, 3, 1, 0, 0, -0.52869, 0, 0, -0.52869
ELOD, 242, 1, 1, 0, 0, -0.46701, 0, 0, -0.46701
ELOD, 242, 3, 1, 0, 0, -0.52869, 0, 0, -0.52869
ELOD, 243, 1, 1, 0, 0, -0.46701, 0, 0, -0.46701
ELOD, 243, 3, 1, 0, 0, -0.52869, 0, 0, -0.52869
ELOD, 244, 1, 1, 0, 0, -0.46701, 0, 0, -0.46701
ELOD, 244, 3, 1, 0, 0, -0.52869, 0, 0, -0.52869
ELOD, 245, 1, 1, 0, 0, -0.46701, 0, 0, -0.46701
ELOD, 245, 3, 1, 0, 0, -0.52869, 0, 0, -0.52869
ELOD, 246, 1, 1, 0, 0, -0.46701, 0, 0, -0.46701
ELOD, 246, 3, 1, 0, 0, -0.52869, 0, 0, -0.52869
ELOD, 247, 1, 1, 0, 0, -0.46701, 0, 0, -0.46701
ELOD, 247, 3, 1, 0, 0, -0.52869, 0, 0, -0.52869
ELOD, 248, 1, 1, 0, 0, -0.46701, 0, 0, -0.46701
ELOD, 248, 3, 1, 0, 0, -0.52869, 0, 0, -0.52869
ELOD, 249, 1, 1, 0, 0, -0.46701, 0, 0, -0.46701
ELOD, 249, 3, 1, 0, 0, -0.52869, 0, 0, -0.52869
ELOD, 250, 1, 1, 0, 0, -0.46701, 0, 0, -0.46701
ELOD, 250, 3, 1, 0, 0, -0.52869, 0, 0, -0.52869
ELOD, 251, 1, 1, 0, 0, -0.46701, 0, 0, -0.46701
ELOD, 251, 3, 1, 0, 0, -0.52869, 0, 0, -0.52869
ELOD, 252, 1, 1, 0, 0, -0.46701, 0, 0, -0.46701
ELOD, 252, 3, 1, 0, 0, -0.52869, 0, 0, -0.52869
ELOD, 253, 1, 1, 0, 0, -0.46701, 0, 0, -0.46701
ELOD, 253, 3, 1, 0, 0, -0.52869, 0, 0, -0.52869
ELOD, 254, 1, 1, 0, 0, -0.46701, 0, 0, -0.46701
ELOD, 254, 3, 1, 0, 0, -0.52869, 0, 0, -0.52869
ELOD, 255, 1, 1, 0, 0, -0.46701, 0, 0, -0.46701
ELOD, 255, 3, 1, 0, 0, -0.52869, 0, 0, -0.52869
ELOD, 256, 1, 1, 0, 0, -0.46701, 0, 0, -0.46701
ELOD, 256, 3, 1, 0, 0, -0.52869, 0, 0, -0.52869
ELOD, 257, 1, 1, 0, 0, -0.46701, 0, 0, -0.46701
ELOD, 257, 3, 1, 0, 0, -0.52869, 0, 0, -0.52869
ELOD, 258, 1, 1, 0, 0, -0.46701, 0, 0, -0.46701
ELOD, 258, 3, 1, 0, 0, -0.52869, 0, 0, -0.52869
ELOD, 259, 1, 1, 0, 0, -0.46701, 0, 0, -0.46701
ELOD, 259, 3, 1, 0, 0, -0.52869, 0, 0, -0.52869
ELOD, 260, 1, 1, 0, 0, -0.46701, 0, 0, -0.46701
ELOD, 260, 3, 1, 0, 0, -0.52869, 0, 0, -0.52869
ELOD, 261, 1, 1, 0, 0, -0.46701, 0, 0, -0.46701
ELOD, 261, 3, 1, 0, 0, -0.52869, 0, 0, -0.52869
ELOD, 262, 1, 1, 0, 0, -0.46701, 0, 0, -0.46701
ELOD, 262, 3, 1, 0, 0, -0.52869, 0, 0, -0.52869
ELOD, 263, 1, 1, 0, 0, -0.46701, 0, 0, -0.46701
ELOD, 263, 3, 1, 0, 0, -0.52869, 0, 0, -0.52869
ELOD, 264, 1, 1, 0, 0, -0.46701, 0, 0, -0.46701
ELOD, 264, 3, 1, 0, 0, -0.52869, 0, 0, -0.52869
ELOD, 265, 1, 1, 0, 0, -0.46701, 0, 0, -0.46701
ELOD, 265, 3, 1, 0, 0, -0.52869, 0, 0, -0.52869
ELOD, 266, 1, 1, 0, 0, -0.46701, 0, 0, -0.46701
ELOD, 266, 3, 1, 0, 0, -0.52869, 0, 0, -0.52869
ELOD, 267, 1, 1, 0, 0, -0.46701, 0, 0, -0.46701
ELOD, 267, 3, 1, 0, 0, -0.52869, 0, 0, -0.52869
ELOD, 268, 1, 1, 0, 0, -0.46701, 0, 0, -0.46701
ELOD, 268, 3, 1, 0, 0, -0.52869, 0, 0, -0.52869
ELOD, 269, 1, 1, 0, 0, -0.46701, 0, 0, -0.46701
ELOD, 269, 3, 1, 0, 0, -0.52869, 0, 0, -0.52869
ELOD, 270, 1, 1, 0, 0, -0.46701, 0, 0, -0.46701
ELOD, 270, 3, 1, 0, 0, -0.52869, 0, 0, -0.52869
ELOD, 271, 1, 1, 0, 0, -0.46701, 0, 0, -0.46701
ELOD, 271, 3, 1, 0, 0, -0.52869, 0, 0, -0.52869
ELOD, 272, 1, 1, 0, 0, -0.46701, 0, 0, -0.46701
ELOD, 272, 3, 1, 0, 0, -0.52869, 0, 0, -0.52869
ELOD, 273, 1, 1, 0, 0, -0.46701, 0, 0, -0.46701
ELOD, 273, 3, 1, 0, 0, -0.52869, 0, 0, -0.52869
ELOD, 274, 1, 1, 0, 0, -0.46701, 0, 0, -0.46701
ELOD, 274, 3, 1, 0, 0, -0.52869, 0, 0, -0.52869
ELOD, 275, 1, 1, 0, 0, -0.46701, 0, 0, -0.46701
ELOD, 275, 3, 1, 0, 0, -0.52869, 0, 0, -0.52869
ELOD, 276, 1, 1, 0, 0, -0.46701, 0, 0, -0.46701
ELOD, 276, 3, 1, 0, 0, -0.52869, 0, 0, -0.52869
ELOD, 277, 1, 1, 0, 0, -0.46701, 0, 0, -0.46701
ELOD, 277, 3, 1, 0, 0, -0.52869, 0, 0, -0.52869
ELOD, 278, 1, 1, 0, 0, -0.46701, 0, 0, -0.46701
ELOD, 278, 3, 1, 0, 0, -0.52869, 0, 0, -0.52869
ELOD, 279, 1, 1, 0, 0, -0.46701, 0, 0, -0.46701
ELOD, 279, 3, 1, 0, 0, -0.52869, 0, 0, -0.52869
ELOD, 280, 1, 1, 0, 0, -0.46701, 0, 0, -0.46701
ELOD, 280, 3, 1, 0, 0, -0.52869, 0, 0, -0.52869
ELOD, 281, 1, 1, 0, 0, -0.46701, 0, 0, -0.46701
ELOD, 281, 3, 1, 0, 0, -0.52869, 0, 0, -0.52869
ELOD, 282, 1, 1, 0, 0, -0.46701, 0, 0, -0.46701
ELOD, 282, 3, 1, 0, 0, -0.52869, 0, 0, -0.52869
ELOD, 283, 1, 1, 0, 0, -0.46701, 0, 0, -0.46701
ELOD, 283, 3, 1, 0, 0, -0.52869, 0, 0, -0.52869
ELOD, 284, 1, 1, 0, 0, -0.46701, 0, 0, -0.46701
ELOD, 284, 3, 1, 0, 0, -0.52869, 0, 0, -0.52869
ELOD, 285, 1, 1, 0, 0, -0.46701, 0, 0, -0.46701
ELOD, 285, 3, 1, 0, 0, -0.52869, 0, 0, -0.52869
ELOD, 286, 1, 1, 0, 0, -0.46701, 0, 0, -0.46701
ELOD, 286, 3, 1, 0, 0, -0.52869, 0, 0, -0.52869
ELOD, 287, 1, 1, 0, 0, -0.46701, 0, 0, -0.46701
ELOD, 287, 3, 1, 0, 0, -0.52869, 0, 0, -0.52869
ELOD, 288, 1, 1, 0, 0, -0.46701, 0, 0, -0.46701
ELOD, 288, 3, 1, 0, 0, -0.52869, 0, 0, -0.52869
ELOD, 289, 1, 1, 0, 0, -0.46701, 0, 0, -0.46701
ELOD, 289, 3, 1, 0, 0, -0.52869, 0, 0, -0.52869
ELOD, 290, 1, 1, 0, 0, -0.46701, 0, 0, -0.46701
ELOD, 290, 3, 1, 0, 0, -0.52869, 0, 0, -0.52869
ELOD, 291, 1, 1, 0, 0, -0.46701, 0, 0, -0.46701
ELOD, 291, 3, 1, 0, 0, -0.52869, 0, 0, -0.52869
ELOD, 292, 1, 1, 0, 0, -0.46701, 0, 0, -0.46701
ELOD, 292, 3, 1, 0, 0, -0.52869, 0, 0, -0.52869
ELOD, 293, 1, 1, 0, 0, -0.46701, 0, 0, -0.46701
ELOD, 293, 3, 1, 0, 0, -0.52869, 0, 0, -0.52869
ELOD, 294, 1, 1, 0, 0, -0.46701, 0, 0, -0.46701
ELOD, 294, 3, 1, 0, 0, -0.52869, 0, 0, -0.52869
ELOD, 295, 1, 1, 0, 0, -0.46701, 0, 0, -0.46701
ELOD, 295, 3, 1, 0, 0, -0.52869, 0, 0, -0.52869
ELOD, 296, 1, 1, 0, 0, -0.46701, 0, 0, -0.46701
ELOD, 296, 3, 1, 0, 0, -0.52869, 0, 0, -0.52869
ELOD, 297, 1, 1, 0, 0, -0.46701, 0, 0, -0.46701
ELOD, 297, 3, 1, 0, 0, -0.52869, 0, 0, -0.52869
ELOD, 298, 1, 1, 0, 0, -0.46701, 0, 0, -0.46701
ELOD, 298, 3, 1, 0, 0, -0.52869, 0, 0, -0.52869
ELOD, 299, 1, 1, 0, 0, -0.46701, 0, 0, -0.46701
ELOD, 299, 3, 1, 0, 0, -0.52869, 0, 0, -0.52869
ELOD, 300, 1, 1, 0, 0, -0.46701, 0, 0, -0.46701
ELOD, 300, 3, 1, 0, 0, -0.52869, 0, 0, -0.52869
ELOD, 301, 1, 1, 0, 0, -0.46701, 0, 0, -0.46701
ELOD, 301, 3, 1, 0, 0, -0.52869, 0, 0, -0.52869
ELOD, 302, 1, 1, 0, 0, -0.46701, 0, 0, -0.46701
ELOD, 302, 3, 1, 0, 0, -0.52869, 0, 0, -0.52869
ELOD, 303, 1, 1, 0, 0, -0.46701, 0, 0, -0.46701
ELOD, 303, 3, 1, 0, 0, -0.52869, 0, 0, -0.52869
ELOD, 304, 1, 1, 0, 0, -0.46701, 0, 0, -0.46701
ELOD, 304, 3, 1, 0, 0, -0.52869, 0, 0, -0.52869
ELOD, 305, 1, 1, 0, 0, -0.46701, 0, 0, -0.46701
ELOD, 305, 3, 1, 0, 0, -0.52869, 0, 0, -0.52869
ELOD, 306, 1, 1, 0, 0, -0.46701, 0, 0, -0.46701
ELOD, 306, 3, 1, 0, 0, -0.52869, 0, 0, -0.52869
ELOD, 307, 1, 1, 0, 0, -0.46701, 0, 0, -0.46701
ELOD, 307, 3, 1, 0, 0, -0.52869, 0, 0, -0.52869
ELOD, 308, 1, 1, 0, 0, -0.46701, 0, 0, -0.46701
ELOD, 308, 3, 1, 0, 0, -0.52869, 0, 0, -0.52869
ELOD, 309, 1, 1, 0, 0, -0.46701, 0, 0, -0.46701
ELOD, 309, 3, 1, 0, 0, -0.52869, 0, 0, -0.52869
ELOD, 310, 1, 1, 0, 0, -0.46701, 0, 0, -0.46701
ELOD, 310, 3, 1, 0, 0, -0.52869, 0, 0, -0.52869
ELOD, 311, 1, 1, 0, 0, -0.46701, 0, 0, -0.46701
ELOD, 311, 3, 1, 0, 0, -0.52869, 0, 0, -0.52869
ELOD, 312, 1, 1, 0, 0, -0.46701, 0, 0, -0.46701
ELOD, 312, 3, 1, 0, 0, -0.52869, 0, 0, -0.52869
ELOD, 313, 1, 1, 0, 0, -0.46701, 0, 0, -0.46701
ELOD, 313, 3, 1, 0, 0, -0.52869, 0, 0, -0.52869
ELOD, 314, 1, 1, 0, 0, -0.46701, 0, 0, -0.46701
ELOD, 314, 3, 1, 0, 0, -0.52869, 0, 0, -0.52869
ELOD, 315, 1, 1, 0, 0, -0.46701, 0, 0, -0.46701
ELOD, 315, 3, 1, 0, 0, -0.52869, 0, 0, -0.52869
ELOD, 316, 1, 1, 0, 0, -0.46701, 0, 0, -0.46701
ELOD, 316, 3, 1, 0, 0, -0.52869, 0, 0, -0.52869
ELOD, 317, 1, 1, 0, 0, -0.46701, 0, 0, -0.46701
ELOD, 317, 3, 1, 0, 0, -0.52869, 0, 0, -0.52869
ELOD, 318, 1, 1, 0, 0, -0.46701, 0, 0, -0.46701
ELOD, 318, 3, 1, 0, 0, -0.52869, 0, 0, -0.52869
ELOD, 319, 1, 1, 0, 0, -0.46701, 0, 0, -0.46701
ELOD, 319, 3, 1, 0, 0, -0.52869, 0, 0, -0.52869
ELOD, 320, 1, 1, 0, 0, -0.46701, 0, 0, -0.46701
ELOD, 320, 3, 1, 0, 0, -0.52869, 0, 0, -0.52869
ELOD, 321, 1, 1, 0, 0, -0.46701, 0, 0, -0.46701
ELOD, 321, 3, 1, 0, 0, -0.52869, 0, 0, -0.52869
ELOD, 322, 1, 1, 0, 0, -0.46701, 0, 0, -0.46701
ELOD, 322, 3, 1, 0, 0, -0.52869, 0, 0, -0.52869
ELOD, 323, 1, 1, 0, 0, -0.46701, 0, 0, -0.46701
ELOD, 323, 3, 1, 0, 0, -0.52869, 0, 0, -0.52869
ELOD, 324, 1, 1, 0, 0, -0.46701, 0, 0, -0.46701
ELOD, 324, 3, 1, 0, 0, -0.52869, 0, 0, -0.52869
ELOD, 325, 1, 1, 0, 0, -0.46701, 0, 0, -0.46701
ELOD, 325, 3, 1, 0, 0, -0.52869, 0, 0, -0.52869
ELOD, 326, 1, 1, 0, 0, -0.46701, 0, 0, -0.46701
ELOD, 326, 3, 1, 0, 0, -0.52869, 0, 0, -0.52869
ELOD, 327, 1, 1, 0, 0, -0.46701, 0, 0, -0.46701
ELOD, 327, 3, 1, 0, 0, -0.52869, 0, 0, -0.52869
ELOD, 328, 1, 1, 0, 0, -0.46701, 0, 0, -0.46701
ELOD, 328, 3, 1, 0, 0, -0.52869, 0, 0, -0.52869
ELOD, 329, 1, 1, 0, 0, -0.46701, 0, 0, -0.46701
ELOD, 329, 3, 1, 0, 0, -0.52869, 0, 0, -0.52869
ELOD, 330, 1, 1, 0, 0, -0.46701, 0, 0, -0.46701
ELOD, 330, 3, 1, 0, 0, -0.52869, 0, 0, -0.52869
ELOD, 331, 1, 1, 0, 0, -0.46701, 0, 0, -0.46701
ELOD, 331, 3, 1, 0, 0, -0.52869, 0, 0, -0.52869
ELOD, 332, 1, 1, 0, 0, -0.46701, 0, 0, -0.46701
ELOD, 332, 3, 1, 0, 0, -0.52869, 0, 0, -0.52869
ELOD, 333, 1, 1, 0, 0, -0.46701, 0, 0, -0.46701
ELOD, 333, 3, 1, 0, 0, -0.52869, 0, 0, -0.52869
ELOD, 334, 1, 1, 0, 0, -0.46701, 0, 0, -0.46701
ELOD, 334, 3, 1, 0, 0, -0.52869, 0, 0, -0.52869
ELOD, 335, 1, 1, 0, 0, -0.46701, 0, 0, -0.46701
ELOD, 335, 3, 1, 0, 0, -0.52869, 0, 0, -0.52869
ELOD, 336, 1, 1, 0, 0, -0.46701, 0, 0, -0.46701
ELOD, 336, 3, 1, 0, 0, -0.52869, 0, 0, -0.52869
ELOD, 337, 1, 1, 0, 0, -0.46701, 0, 0, -0.46701
ELOD, 337, 3, 1, 0, 0, -0.52869, 0, 0, -0.52869
ELOD, 338, 1, 1, 0, 0, -0.46701, 0, 0, -0.46701
ELOD, 338, 3, 1, 0, 0, -0.52869, 0, 0, -0.52869
ELOD, 339, 1, 1, 0, 0, -0.46701, 0, 0, -0.46701
ELOD, 339, 3, 1, 0, 0, -0.52869, 0, 0, -0.52869
ELOD, 340, 1, 1, 0, 0, -0.46701, 0, 0, -0.46701
ELOD, 340, 3, 1, 0, 0, -0.52869, 0, 0, -0.52869
ELOD, 341, 1, 1, 0, 0, -0.46701, 0, 0, -0.46701
ELOD, 341, 3, 1, 0, 0, -0.52869, 0, 0, -0.52869
ELOD, 342, 1, 1, 0, 0, -0.46701, 0, 0, -0.46701
ELOD, 342, 3, 1, 0, 0, -0.52869, 0, 0, -0.52869
ELOD, 343, 1, 1, 0, 0, -0.46701, 0, 0, -0.46701
ELOD, 343, 3, 1, 0, 0, -0.52869, 0, 0, -0.52869
ELOD, 344, 1, 1, 0, 0, -0.46701, 0, 0, -0.46701
ELOD, 344, 3, 1, 0, 0, -0.52869, 0, 0, -0.52869
ELOD, 345, 1, 1, 0, 0, -0.46701, 0, 0, -0.46701
ELOD, 345, 3, 1, 0, 0, -0.52869, 0, 0, -0.52869
ELOD, 346, 1, 1, 0, 0, -0.46701, 0, 0, -0.46701
ELOD, 346, 3, 1, 0, 0, -0.52869, 0, 0, -0.52869
ELOD, 347, 1, 1, 0, 0, -0.46701, 0, 0, -0.46701
ELOD, 347, 3, 1, 0, 0, -0.52869, 0, 0, -0.52869
ELOD, 348, 1, 1, 0, 0, -0.46701, 0, 0, -0.46701
ELOD, 348, 3, 1, 0, 0, -0.52869, 0, 0, -0.52869
ELOD, 349, 1, 1, 0, 0, -0.46701, 0, 0, -0.46701
ELOD, 349, 3, 1, 0, 0, -0.52869, 0, 0, -0.52869
ELOD, 350, 1, 1, 0, 0, -0.46701, 0, 0, -0.46701
ELOD, 350, 3, 1, 0, 0, -0.52869, 0, 0, -0.52869
ELOD, 351, 1, 1, 0, 0, -0.46701, 0, 0, -0.46701
ELOD, 351, 3, 1, 0, 0, -0.52869, 0, 0, -0.52869
ELOD, 352, 1, 1, 0, 0, -0.46701, 0, 0, -0.46701
ELOD, 352, 3, 1, 0, 0, -0.52869, 0, 0, -0.52869
ELOD, 353, 1, 1, 0, 0, -0.46701, 0, 0, -0.46701
ELOD, 353, 3, 1, 0, 0, -0.52869, 0, 0, -0.52869
ELOD, 354, 1, 1, 0, 0, -0.46701, 0, 0, -0.46701
ELOD, 354, 3, 1, 0, 0, -0.52869, 0, 0, -0.52869
ELOD, 355, 1, 1, 0, 0, -0.46701, 0, 0, -0.46701
ELOD, 355, 3, 1, 0, 0, -0.52869, 0, 0, -0.52869
ELOD, 356, 1, 1, 0, 0, -0.46701, 0, 0, -0.46701
ELOD, 356, 3, 1, 0, 0, -0.52869, 0, 0, -0.52869
ELOD, 357, 1, 1, 0, 0, -0.46701, 0, 0, -0.46701
ELOD, 357, 3, 1, 0, 0, -0.52869, 0, 0, -0.52869
ELOD, 358, 1, 1, 0, 0, -0.46701, 0, 0, -0.46701
ELOD, 358, 3, 1, 0, 0, -0.52869, 0, 0, -0.52869
ELOD, 359, 1, 1, 0, 0, -0.46701, 0, 0, -0.46701
ELOD, 359, 3, 1, 0, 0, -0.52869, 0, 0, -0.52869
ELOD, 360, 1, 1, 0, 0, -0.46701, 0, 0, -0.46701
ELOD, 360, 3, 1, 0, 0, -0.52869, 0, 0, -0.52869
ELOD, 361, 1, 1, 0, 0, -0.46701, 0, 0, -0.46701
ELOD, 361, 3, 1, 0, 0, -0.52869, 0, 0, -0.52869
ELOD, 362, 1, 1, 0, 0, -0.46701, 0, 0, -0.46701
ELOD, 362, 3, 1, 0, 0, -0.52869, 0, 0, -0.52869
ELOD, 363, 1, 1, 0, 0, -0.46701, 0, 0, -0.46701
ELOD, 363, 3, 1, 0, 0, -0.52869, 0, 0, -0.52869
ELOD, 364, 1, 1, 0, 0, -0.46701, 0, 0, -0.46701
ELOD, 364, 3, 1, 0, 0, -0.52869, 0, 0, -0.52869
ELOD, 365, 1, 1, 0, 0, -0.41312, 0, 0, -0.41312
ELOD, 365, 3, 1, 0, 0, -0.46769, 0, 0, -0.46769
ELOD, 366, 1, 1, 0, 0, -0.41312, 0, 0, -0.41312
ELOD, 366, 3, 1, 0, 0, -0.46769, 0, 0, -0.46769
ELOD, 367, 1, 1, 0, 0, -0.41312, 0, 0, -0.41312
ELOD, 367, 3, 1, 0, 0, -0.46769, 0, 0, -0.46769
ELOD, 368, 1, 1, 0, 0, -0.41312, 0, 0, -0.41312
ELOD, 368, 3, 1, 0, 0, -0.46769, 0, 0, -0.46769
ELOD, 369, 1, 1, 0, 0, -0.41312, 0, 0, -0.41312
ELOD, 369, 3, 1, 0, 0, -0.46769, 0, 0, -0.46769
ELOD, 370, 1, 1, 0, 0, -0.41312, 0, 0, -0.41312
ELOD, 370, 3, 1, 0, 0, -0.46769, 0, 0, -0.46769
ELOD, 371, 1, 1, 0, 0, -0.41312, 0, 0, -0.41312
ELOD, 371, 3, 1, 0, 0, -0.46769, 0, 0, -0.46769
ELOD, 372, 1, 1, 0, 0, -0.41312, 0, 0, -0.41312
ELOD, 372, 3, 1, 0, 0, -0.46769, 0, 0, -0.46769
ELOD, 373, 1, 1, 0, 0, -0.41312, 0, 0, -0.41312
ELOD, 373, 3, 1, 0, 0, -0.46769, 0, 0, -0.46769
ELOD, 374, 1, 1, 0, 0, -0.41312, 0, 0, -0.41312
ELOD, 374, 3, 1, 0, 0, -0.46769, 0, 0, -0.46769
ELOD, 375, 1, 1, 0, 0, -0.41312, 0, 0, -0.41312
ELOD, 375, 3, 1, 0, 0, -0.46769, 0, 0, -0.46769
ELOD, 376, 1, 1, 0, 0, -0.41312, 0, 0, -0.41312
ELOD, 376, 3, 1, 0, 0, -0.46769, 0, 0, -0.46769
ELOD, 377, 1, 1, 0, 0, -0.41312, 0, 0, -0.41312
ELOD, 377, 3, 1, 0, 0, -0.46769, 0, 0, -0.46769
ELOD, 378, 1, 1, 0, 0, -0.41312, 0, 0, -0.41312
ELOD, 378, 3, 1, 0, 0, -0.46769, 0, 0, -0.46769
ELOD, 379, 1, 1, 0, 0, -0.41312, 0, 0, -0.41312
ELOD, 379, 3, 1, 0, 0, -0.46769, 0, 0, -0.46769
ELOD, 380, 1, 1, 0, 0, -0.41312, 0, 0, -0.41312
ELOD, 380, 3, 1, 0, 0, -0.46769, 0, 0, -0.46769
ELOD, 381, 1, 1, 0, 0, -0.46701, 0, 0, -0.46701
ELOD, 381, 3, 1, 0, 0, -0.52869, 0, 0, -0.52869
ELOD, 382, 1, 1, 0, 0, -0.46701, 0, 0, -0.46701
ELOD, 382, 3, 1, 0, 0, -0.52869, 0, 0, -0.52869
ELOD, 383, 1, 1, 0, 0, -0.46701, 0, 0, -0.46701
ELOD, 383, 3, 1, 0, 0, -0.52869, 0, 0, -0.52869
ELOD, 384, 1, 1, 0, 0, -0.46701, 0, 0, -0.46701
ELOD, 384, 3, 1, 0, 0, -0.52869, 0, 0, -0.52869
ELOD, 385, 1, 1, 0, 0, -0.46701, 0, 0, -0.46701
ELOD, 385, 3, 1, 0, 0, -0.52869, 0, 0, -0.52869
ELOD, 386, 1, 1, 0, 0, -0.46701, 0, 0, -0.46701
ELOD, 386, 3, 1, 0, 0, -0.52869, 0, 0, -0.52869
ELOD, 387, 1, 1, 0, 0, -0.46701, 0, 0, -0.46701
ELOD, 387, 3, 1, 0, 0, -0.52869, 0, 0, -0.52869
ELOD, 388, 1, 1, 0, 0, -0.46701, 0, 0, -0.46701
ELOD, 388, 3, 1, 0, 0, -0.52869, 0, 0, -0.52869
ELOD, 389, 1, 1, 0, 0, -0.46701, 0, 0, -0.46701
ELOD, 389, 3, 1, 0, 0, -0.52869, 0, 0, -0.52869
ELOD, 390, 1, 1, 0, 0, -0.46701, 0, 0, -0.46701
ELOD, 390, 3, 1, 0, 0, -0.52869, 0, 0, -0.52869
ELOD, 391, 1, 1, 0, 0, -0.46701, 0, 0, -0.46701
ELOD, 391, 3, 1, 0, 0, -0.52869, 0, 0, -0.52869
ELOD, 392, 1, 1, 0, 0, -0.46701, 0, 0, -0.46701
ELOD, 392, 3, 1, 0, 0, -0.52869, 0, 0, -0.52869
ELOD, 393, 1, 1, 0, 0, -0.46701, 0, 0, -0.46701
ELOD, 393, 3, 1, 0, 0, -0.52869, 0, 0, -0.52869
ELOD, 394, 1, 1, 0, 0, -0.46701, 0, 0, -0.46701
ELOD, 394, 3, 1, 0, 0, -0.52869, 0, 0, -0.52869
ELOD, 395, 1, 1, 0, 0, -0.46701, 0, 0, -0.46701
ELOD, 395, 3, 1, 0, 0, -0.52869, 0, 0, -0.52869
ELOD, 396, 1, 1, 0, 0, -0.46701, 0, 0, -0.46701
ELOD, 396, 3, 1, 0, 0, -0.52869, 0, 0, -0.52869
ELOD, 397, 1, 1, 0, 0, -0.46701, 0, 0, -0.46701
ELOD, 397, 3, 1, 0, 0, -0.52869, 0, 0, -0.52869
ELOD, 398, 1, 1, 0, 0, -0.46701, 0, 0, -0.46701
ELOD, 398, 3, 1, 0, 0, -0.52869, 0, 0, -0.52869
ELOD, 399, 1, 1, 0, 0, -0.46701, 0, 0, -0.46701
ELOD, 399, 3, 1, 0, 0, -0.52869, 0, 0, -0.52869
ELOD, 400, 1, 1, 0, 0, -0.46701, 0, 0, -0.46701
ELOD, 400, 3, 1, 0, 0, -0.52869, 0, 0, -0.52869
ELOD, 401, 1, 1, 0, 0, -0.46701, 0, 0, -0.46701
ELOD, 401, 3, 1, 0, 0, -0.52869, 0, 0, -0.52869
ELOD, 402, 1, 1, 0, 0, -0.46701, 0, 0, -0.46701
ELOD, 402, 3, 1, 0, 0, -0.52869, 0, 0, -0.52869
ELOD, 403, 1, 1, 0, 0, -0.46701, 0, 0, -0.46701
ELOD, 403, 3, 1, 0, 0, -0.52869, 0, 0, -0.52869
ELOD, 404, 1, 1, 0, 0, -0.46701, 0, 0, -0.46701
ELOD, 404, 3, 1, 0, 0, -0.52869, 0, 0, -0.52869
ELOD, 405, 1, 1, 0, 0, -0.46701, 0, 0, -0.46701
ELOD, 405, 3, 1, 0, 0, -0.52869, 0, 0, -0.52869
ELOD, 406, 1, 1, 0, 0, -0.46701, 0, 0, -0.46701
ELOD, 406, 3, 1, 0, 0, -0.52869, 0, 0, -0.52869
ELOD, 407, 1, 1, 0, 0, -0.46701, 0, 0, -0.46701
ELOD, 407, 3, 1, 0, 0, -0.52869, 0, 0, -0.52869
ELOD, 408, 1, 1, 0, 0, -0.46701, 0, 0, -0.46701
ELOD, 408, 3, 1, 0, 0, -0.52869, 0, 0, -0.52869
ELOD, 409, 1, 1, 0, 0, -0.46701, 0, 0, -0.46701
ELOD, 409, 3, 1, 0, 0, -0.52869, 0, 0, -0.52869
ELOD, 410, 1, 1, 0, 0, -0.46701, 0, 0, -0.46701
ELOD, 410, 3, 1, 0, 0, -0.52869, 0, 0, -0.52869
ELOD, 411, 1, 1, 0, 0, -0.46701, 0, 0, -0.46701
ELOD, 411, 3, 1, 0, 0, -0.52869, 0, 0, -0.52869
ELOD, 412, 1, 1, 0, 0, -0.46701, 0, 0, -0.46701
ELOD, 412, 3, 1, 0, 0, -0.52869, 0, 0, -0.52869
ELOD, 413, 1, 1, 0, 0, -0.46701, 0, 0, -0.46701
ELOD, 413, 3, 1, 0, 0, -0.52869, 0, 0, -0.52869
ELOD, 414, 1, 1, 0, 0, -0.46701, 0, 0, -0.46701
ELOD, 414, 3, 1, 0, 0, -0.52869, 0, 0, -0.52869
ELOD, 415, 1, 1, 0, 0, -0.46701, 0, 0, -0.46701
ELOD, 415, 3, 1, 0, 0, -0.52869, 0, 0, -0.52869
ELOD, 416, 1, 1, 0, 0, -0.46701, 0, 0, -0.46701
ELOD, 416, 3, 1, 0, 0, -0.52869, 0, 0, -0.52869
ELOD, 417, 1, 1, 0, 0, -0.46701, 0, 0, -0.46701
ELOD, 417, 3, 1, 0, 0, -0.52869, 0, 0, -0.52869
ELOD, 418, 1, 1, 0, 0, -0.46701, 0, 0, -0.46701
ELOD, 418, 3, 1, 0, 0, -0.52869, 0, 0, -0.52869
ELOD, 419, 1, 1, 0, 0, -0.46701, 0, 0, -0.46701
ELOD, 419, 3, 1, 0, 0, -0.52869, 0, 0, -0.52869
ELOD, 420, 1, 1, 0, 0, -0.46701, 0, 0, -0.46701
ELOD, 420, 3, 1, 0, 0, -0.52869, 0, 0, -0.52869
ELOD, 421, 1, 1, 0, 0, -0.46701, 0, 0, -0.46701
ELOD, 421, 3, 1, 0, 0, -0.52869, 0, 0, -0.52869
ELOD, 422, 1, 1, 0, 0, -0.46701, 0, 0, -0.46701
ELOD, 422, 3, 1, 0, 0, -0.52869, 0, 0, -0.52869
ELOD, 423, 1, 1, 0, 0, -0.46701, 0, 0, -0.46701
ELOD, 423, 3, 1, 0, 0, -0.52869, 0, 0, -0.52869
ELOD, 424, 1, 1, 0, 0, -0.46701, 0, 0, -0.46701
ELOD, 424, 3, 1, 0, 0, -0.52869, 0, 0, -0.52869
ELOD, 425, 1, 1, 0, 0, -0.46701, 0, 0, -0.46701
ELOD, 425, 3, 1, 0, 0, -0.52869, 0, 0, -0.52869
ELOD, 426, 1, 1, 0, 0, -0.46701, 0, 0, -0.46701
ELOD, 426, 3, 1, 0, 0, -0.52869, 0, 0, -0.52869
ELOD, 427, 1, 1, 0, 0, -0.46701, 0, 0, -0.46701
ELOD, 427, 3, 1, 0, 0, -0.52869, 0, 0, -0.52869
ELOD, 428, 1, 1, 0, 0, -0.46701, 0, 0, -0.46701
ELOD, 428, 3, 1, 0, 0, -0.52869, 0, 0, -0.52869
ELOD, 429, 1, 1, 0, 0, -0.46701, 0, 0, -0.46701
ELOD, 429, 3, 1, 0, 0, -0.52869, 0, 0, -0.52869
ELOD, 430, 1, 1, 0, 0, -0.46701, 0, 0, -0.46701
ELOD, 430, 3, 1, 0, 0, -0.52869, 0, 0, -0.52869
ELOD, 431, 1, 1, 0, 0, -0.46701, 0, 0, -0.46701
ELOD, 431, 3, 1, 0, 0, -0.52869, 0, 0, -0.52869
ELOD, 432, 1, 1, 0, 0, -0.46701, 0, 0, -0.46701
ELOD, 432, 3, 1, 0, 0, -0.52869, 0, 0, -0.52869
ELOD, 433, 1, 1, 0, 0, -0.46701, 0, 0, -0.46701
ELOD, 433, 3, 1, 0, 0, -0.52869, 0, 0, -0.52869
ELOD, 434, 1, 1, 0, 0, -0.46701, 0, 0, -0.46701
ELOD, 434, 3, 1, 0, 0, -0.52869, 0, 0, -0.52869
ELOD, 435, 1, 1, 0, 0, -0.46701, 0, 0, -0.46701
ELOD, 435, 3, 1, 0, 0, -0.52869, 0, 0, -0.52869
ELOD, 436, 1, 1, 0, 0, -0.46701, 0, 0, -0.46701
ELOD, 436, 3, 1, 0, 0, -0.52869, 0, 0, -0.52869
ELOD, 437, 1, 1, 0, 0, -0.46701, 0, 0, -0.46701
ELOD, 437, 3, 1, 0, 0, -0.52869, 0, 0, -0.52869
ELOD, 438, 1, 1, 0, 0, -0.46701, 0, 0, -0.46701
ELOD, 438, 3, 1, 0, 0, -0.52869, 0, 0, -0.52869
ELOD, 439, 1, 1, 0, 0, -0.46701, 0, 0, -0.46701
ELOD, 439, 3, 1, 0, 0, -0.52869, 0, 0, -0.52869
ELOD, 440, 1, 1, 0, 0, -0.46701, 0, 0, -0.46701
ELOD, 440, 3, 1, 0, 0, -0.52869, 0, 0, -0.52869
ELOD, 441, 1, 1, 0, 0, -0.46701, 0, 0, -0.46701
ELOD, 441, 3, 1, 0, 0, -0.52869, 0, 0, -0.52869
ELOD, 442, 1, 1, 0, 0, -0.46701, 0, 0, -0.46701
ELOD, 442, 3, 1, 0, 0, -0.52869, 0, 0, -0.52869
ELOD, 443, 1, 1, 0, 0, -0.46701, 0, 0, -0.46701
ELOD, 443, 3, 1, 0, 0, -0.52869, 0, 0, -0.52869
ELOD, 444, 1, 1, 0, 0, -0.46701, 0, 0, -0.46701
ELOD, 444, 3, 1, 0, 0, -0.52869, 0, 0, -0.52869
ELOD, 445, 1, 1, 0, 0, -0.46701, 0, 0, -0.46701
ELOD, 445, 3, 1, 0, 0, -0.52869, 0, 0, -0.52869
ELOD, 446, 1, 1, 0, 0, -0.46701, 0, 0, -0.46701
ELOD, 446, 3, 1, 0, 0, -0.52869, 0, 0, -0.52869
ELOD, 447, 1, 1, 0, 0, -0.46701, 0, 0, -0.46701
ELOD, 447, 3, 1, 0, 0, -0.52869, 0, 0, -0.52869
ELOD, 448, 1, 1, 0, 0, -0.46701, 0, 0, -0.46701
ELOD, 448, 3, 1, 0, 0, -0.52869, 0, 0, -0.52869
ELOD, 449, 1, 1, 0, 0, -0.46701, 0, 0, -0.46701
ELOD, 449, 3, 1, 0, 0, -0.52869, 0, 0, -0.52869
ELOD, 450, 1, 1, 0, 0, -0.46701, 0, 0, -0.46701
ELOD, 450, 3, 1, 0, 0, -0.52869, 0, 0, -0.52869
ELOD, 451, 1, 1, 0, 0, -0.46701, 0, 0, -0.46701
ELOD, 451, 3, 1, 0, 0, -0.52869, 0, 0, -0.52869
ELOD, 452, 1, 1, 0, 0, -0.46701, 0, 0, -0.46701
ELOD, 452, 3, 1, 0, 0, -0.52869, 0, 0, -0.52869
ELOD, 453, 1, 1, 0, 0, -0.46701, 0, 0, -0.46701
ELOD, 453, 3, 1, 0, 0, -0.52869, 0, 0, -0.52869
ELOD, 454, 1, 1, 0, 0, -0.46701, 0, 0, -0.46701
ELOD, 454, 3, 1, 0, 0, -0.52869, 0, 0, -0.52869
ELOD, 455, 1, 1, 0, 0, -0.46701, 0, 0, -0.46701
ELOD, 455, 3, 1, 0, 0, -0.52869, 0, 0, -0.52869
ELOD, 456, 1, 1, 0, 0, -0.46701, 0, 0, -0.46701
ELOD, 456, 3, 1, 0, 0, -0.52869, 0, 0, -0.52869
ELOD, 457, 1, 1, 0, 0, -0.46701, 0, 0, -0.46701
ELOD, 457, 3, 1, 0, 0, -0.52869, 0, 0, -0.52869
ELOD, 458, 1, 1, 0, 0, -0.46701, 0, 0, -0.46701
ELOD, 458, 3, 1, 0, 0, -0.52869, 0, 0, -0.52869
ELOD, 459, 1, 1, 0, 0, -0.46701, 0, 0, -0.46701
ELOD, 459, 3, 1, 0, 0, -0.52869, 0, 0, -0.52869
ELOD, 460, 1, 1, 0, 0, -0.46701, 0, 0, -0.46701
ELOD, 460, 3, 1, 0, 0, -0.52869, 0, 0, -0.52869
ELOD, 461, 1, 1, 0, 0, -0.46701, 0, 0, -0.46701
ELOD, 461, 3, 1, 0, 0, -0.52869, 0, 0, -0.52869
ELOD, 462, 1, 1, 0, 0, -0.46701, 0, 0, -0.46701
ELOD, 462, 3, 1, 0, 0, -0.52869, 0, 0, -0.52869
ELOD, 463, 1, 1, 0, 0, -0.46701, 0, 0, -0.46701
ELOD, 463, 3, 1, 0, 0, -0.52869, 0, 0, -0.52869
ELOD, 464, 1, 1, 0, 0, -0.46701, 0, 0, -0.46701
ELOD, 464, 3, 1, 0, 0, -0.52869, 0, 0, -0.52869
ELOD, 465, 1, 1, 0, 0, -0.46701, 0, 0, -0.46701
ELOD, 465, 3, 1, 0, 0, -0.52869, 0, 0, -0.52869
ELOD, 466, 1, 1, 0, 0, -0.46701, 0, 0, -0.46701
ELOD, 466, 3, 1, 0, 0, -0.52869, 0, 0, -0.52869
ELOD, 467, 1, 1, 0, 0, -0.46701, 0, 0, -0.46701
ELOD, 467, 3, 1, 0, 0, -0.52869, 0, 0, -0.52869
ELOD, 468, 1, 1, 0, 0, -0.46701, 0, 0, -0.46701
ELOD, 468, 3, 1, 0, 0, -0.52869, 0, 0, -0.52869
ELOD, 469, 1, 1, 0, 0, -0.46701, 0, 0, -0.46701
ELOD, 469, 3, 1, 0, 0, -0.52869, 0, 0, -0.52869
ELOD, 470, 1, 1, 0, 0, -0.46701, 0, 0, -0.46701
ELOD, 470, 3, 1, 0, 0, -0.52869, 0, 0, -0.52869
ELOD, 471, 1, 1, 0, 0, -0.46701, 0, 0, -0.46701
ELOD, 471, 3, 1, 0, 0, -0.52869, 0, 0, -0.52869
ELOD, 472, 1, 1, 0, 0, -0.46701, 0, 0, -0.46701
ELOD, 472, 3, 1, 0, 0, -0.52869, 0, 0, -0.52869
ELOD, 473, 1, 1, 0, 0, -0.46701, 0, 0, -0.46701
ELOD, 473, 3, 1, 0, 0, -0.52869, 0, 0, -0.52869
ELOD, 474, 1, 1, 0, 0, -0.46701, 0, 0, -0.46701
ELOD, 474, 3, 1, 0, 0, -0.52869, 0, 0, -0.52869
ELOD, 475, 1, 1, 0, 0, -0.46701, 0, 0, -0.46701
ELOD, 475, 3, 1, 0, 0, -0.52869, 0, 0, -0.52869
ELOD, 476, 1, 1, 0, 0, -0.46701, 0, 0, -0.46701
ELOD, 476, 3, 1, 0, 0, -0.52869, 0, 0, -0.52869
ELOD, 477, 1, 1, 0, 0, -0.46701, 0, 0, -0.46701
ELOD, 477, 3, 1, 0, 0, -0.52869, 0, 0, -0.52869
ELOD, 478, 1, 1, 0, 0, -0.46701, 0, 0, -0.46701
ELOD, 478, 3, 1, 0, 0, -0.52869, 0, 0, -0.52869
ELOD, 479, 1, 1, 0, 0, -0.46701, 0, 0, -0.46701
ELOD, 479, 3, 1, 0, 0, -0.52869, 0, 0, -0.52869
ELOD, 480, 1, 1, 0, 0, -0.46701, 0, 0, -0.46701
ELOD, 480, 3, 1, 0, 0, -0.52869, 0, 0, -0.52869
ELOD, 481, 1, 1, 0, 0, -0.46701, 0, 0, -0.46701
ELOD, 481, 3, 1, 0, 0, -0.52869, 0, 0, -0.52869
ELOD, 482, 1, 1, 0, 0, -0.46701, 0, 0, -0.46701
ELOD, 482, 3, 1, 0, 0, -0.52869, 0, 0, -0.52869
ELOD, 483, 1, 1, 0, 0, -0.46701, 0, 0, -0.46701
ELOD, 483, 3, 1, 0, 0, -0.52869, 0, 0, -0.52869
ELOD, 484, 1, 1, 0, 0, -0.46701, 0, 0, -0.46701
ELOD, 484, 3, 1, 0, 0, -0.52869, 0, 0, -0.52869
ELOD, 485, 1, 1, 0, 0, -0.46701, 0, 0, -0.46701
ELOD, 485, 3, 1, 0, 0, -0.52869, 0, 0, -0.52869
ELOD, 486, 1, 1, 0, 0, -0.46701, 0, 0, -0.46701
ELOD, 486, 3, 1, 0, 0, -0.52869, 0, 0, -0.52869
ELOD, 487, 1, 1, 0, 0, -0.46701, 0, 0, -0.46701
ELOD, 487, 3, 1, 0, 0, -0.52869, 0, 0, -0.52869
ELOD, 488, 1, 1, 0, 0, -0.46701, 0, 0, -0.46701
ELOD, 488, 3, 1, 0, 0, -0.52869, 0, 0, -0.52869
ELOD, 489, 1, 1, 0, 0, -0.46701, 0, 0, -0.46701
ELOD, 489, 3, 1, 0, 0, -0.52869, 0, 0, -0.52869
ELOD, 490, 1, 1, 0, 0, -0.46701, 0, 0, -0.46701
ELOD, 490, 3, 1, 0, 0, -0.52869, 0, 0, -0.52869
ELOD, 491, 1, 1, 0, 0, -0.46701, 0, 0, -0.46701
ELOD, 491, 3, 1, 0, 0, -0.52869, 0, 0, -0.52869
ELOD, 492, 1, 1, 0, 0, -0.46701, 0, 0, -0.46701
ELOD, 492, 3, 1, 0, 0, -0.52869, 0, 0, -0.52869
ELOD, 493, 1, 1, 0, 0, -0.46701, 0, 0, -0.46701
ELOD, 493, 3, 1, 0, 0, -0.52869, 0, 0, -0.52869
ELOD, 494, 1, 1, 0, 0, -0.46701, 0, 0, -0.46701
ELOD, 494, 3, 1, 0, 0, -0.52869, 0, 0, -0.52869
ELOD, 495, 1, 1, 0, 0, -0.46701, 0, 0, -0.46701
ELOD, 495, 3, 1, 0, 0, -0.52869, 0, 0, -0.52869
ELOD, 496, 1, 1, 0, 0, -0.46701, 0, 0, -0.46701
ELOD, 496, 3, 1, 0, 0, -0.52869, 0, 0, -0.52869
ELOD, 497, 1, 1, 0, 0, -0.46701, 0, 0, -0.46701
ELOD, 497, 3, 1, 0, 0, -0.52869, 0, 0, -0.52869
ELOD, 498, 1, 1, 0, 0, -0.46701, 0, 0, -0.46701
ELOD, 498, 3, 1, 0, 0, -0.52869, 0, 0, -0.52869
ELOD, 499, 1, 1, 0, 0, -0.46701, 0, 0, -0.46701
ELOD, 499, 3, 1, 0, 0, -0.52869, 0, 0, -0.52869
ELOD, 500, 1, 1, 0, 0, -0.46701, 0, 0, -0.46701
ELOD, 500, 3, 1, 0, 0, -0.52869, 0, 0, -0.52869
ELOD, 501, 1, 1, 0, 0, -0.46701, 0, 0, -0.46701
ELOD, 501, 3, 1, 0, 0, -0.52869, 0, 0, -0.52869
ELOD, 502, 1, 1, 0, 0, -0.46701, 0, 0, -0.46701
ELOD, 502, 3, 1, 0, 0, -0.52869, 0, 0, -0.52869
ELOD, 503, 1, 1, 0, 0, -0.46701, 0, 0, -0.46701
ELOD, 503, 3, 1, 0, 0, -0.52869, 0, 0, -0.52869
ELOD, 504, 1, 1, 0, 0, -0.46701, 0, 0, -0.46701
ELOD, 504, 3, 1, 0, 0, -0.52869, 0, 0, -0.52869
ELOD, 505, 1, 1, 0, 0, -0.46701, 0, 0, -0.46701
ELOD, 505, 3, 1, 0, 0, -0.52869, 0, 0, -0.52869
ELOD, 506, 1, 1, 0, 0, -0.46701, 0, 0, -0.46701
ELOD, 506, 3, 1, 0, 0, -0.52869, 0, 0, -0.52869
ELOD, 507, 1, 1, 0, 0, -0.46701, 0, 0, -0.46701
ELOD, 507, 3, 1, 0, 0, -0.52869, 0, 0, -0.52869
ELOD, 508, 1, 1, 0, 0, -0.46701, 0, 0, -0.46701
ELOD, 508, 3, 1, 0, 0, -0.52869, 0, 0, -0.52869
ELOD, 509, 1, 1, 0, 0, -0.46701, 0, 0, -0.46701
ELOD, 509, 3, 1, 0, 0, -0.52869, 0, 0, -0.52869
ELOD, 510, 1, 1, 0, 0, -0.46701, 0, 0, -0.46701
ELOD, 510, 3, 1, 0, 0, -0.52869, 0, 0, -0.52869
ELOD, 511, 1, 1, 0, 0, -0.46701, 0, 0, -0.46701
ELOD, 511, 3, 1, 0, 0, -0.52869, 0, 0, -0.52869
ELOD, 512, 1, 1, 0, 0, -0.46701, 0, 0, -0.46701
ELOD, 512, 3, 1, 0, 0, -0.52869, 0, 0, -0.52869
ELOD, 513, 1, 1, 0, 0, -0.46701, 0, 0, -0.46701
ELOD, 513, 3, 1, 0, 0, -0.52869, 0, 0, -0.52869
ELOD, 514, 1, 1, 0, 0, -0.46701, 0, 0, -0.46701
ELOD, 514, 3, 1, 0, 0, -0.52869, 0, 0, -0.52869
ELOD, 515, 1, 1, 0, 0, -0.46701, 0, 0, -0.46701
ELOD, 515, 3, 1, 0, 0, -0.52869, 0, 0, -0.52869
ELOD, 516, 1, 1, 0, 0, -0.46701, 0, 0, -0.46701
ELOD, 516, 3, 1, 0, 0, -0.52869, 0, 0, -0.52869
ELOD, 517, 1, 1, 0, 0, -0.46701, 0, 0, -0.46701
ELOD, 517, 3, 1, 0, 0, -0.52869, 0, 0, -0.52869
ELOD, 518, 1, 1, 0, 0, -0.46701, 0, 0, -0.46701
ELOD, 518, 3, 1, 0, 0, -0.52869, 0, 0, -0.52869
ELOD, 519, 1, 1, 0, 0, -0.46701, 0, 0, -0.46701
ELOD, 519, 3, 1, 0, 0, -0.52869, 0, 0, -0.52869
ELOD, 520, 1, 1, 0, 0, -0.46701, 0, 0, -0.46701
ELOD, 520, 3, 1, 0, 0, -0.52869, 0, 0, -0.52869
ELOD, 521, 1, 1, 0, 0, -0.46701, 0, 0, -0.46701
ELOD, 521, 3, 1, 0, 0, -0.52869, 0, 0, -0.52869
ELOD, 522, 1, 1, 0, 0, -0.46701, 0, 0, -0.46701
ELOD, 522, 3, 1, 0, 0, -0.52869, 0, 0, -0.52869
ELOD, 523, 1, 1, 0, 0, -0.46701, 0, 0, -0.46701
ELOD, 523, 3, 1, 0, 0, -0.52869, 0, 0, -0.52869
ELOD, 524, 1, 1, 0, 0, -0.46701, 0, 0, -0.46701
ELOD, 524, 3, 1, 0, 0, -0.52869, 0, 0, -0.52869
ELOD, 525, 1, 1, 0, 0, -0.46701, 0, 0, -0.46701
ELOD, 525, 3, 1, 0, 0, -0.52869, 0, 0, -0.52869
ELOD, 526, 1, 1, 0, 0, -0.46701, 0, 0, -0.46701
ELOD, 526, 3, 1, 0, 0, -0.52869, 0, 0, -0.52869
ELOD, 527, 1, 1, 0, 0, -0.46701, 0, 0, -0.46701
ELOD, 527, 3, 1, 0, 0, -0.52869, 0, 0, -0.52869
ELOD, 528, 1, 1, 0, 0, -0.46701, 0, 0, -0.46701
ELOD, 528, 3, 1, 0, 0, -0.52869, 0, 0, -0.52869
ELOD, 529, 1, 1, 0, 0, -0.46701, 0, 0, -0.46701
ELOD, 529, 3, 1, 0, 0, -0.52869, 0, 0, -0.52869
ELOD, 530, 1, 1, 0, 0, -0.46701, 0, 0, -0.46701
ELOD, 530, 3, 1, 0, 0, -0.52869, 0, 0, -0.52869
ELOD, 531, 1, 1, 0, 0, -0.46701, 0, 0, -0.46701
ELOD, 531, 3, 1, 0, 0, -0.52869, 0, 0, -0.52869
ELOD, 532, 1, 1, 0, 0, -0.46701, 0, 0, -0.46701
ELOD, 532, 3, 1, 0, 0, -0.52869, 0, 0, -0.52869
ELOD, 533, 1, 1, 0, 0, -0.46701, 0, 0, -0.46701
ELOD, 533, 3, 1, 0, 0, -0.52869, 0, 0, -0.52869
ELOD, 534, 1, 1, 0, 0, -0.46701, 0, 0, -0.46701
ELOD, 534, 3, 1, 0, 0, -0.52869, 0, 0, -0.52869
ELOD, 535, 1, 1, 0, 0, -0.46701, 0, 0, -0.46701
ELOD, 535, 3, 1, 0, 0, -0.52869, 0, 0, -0.52869
ELOD, 536, 1, 1, 0, 0, -0.46701, 0, 0, -0.46701
ELOD, 536, 3, 1, 0, 0, -0.52869, 0, 0, -0.52869
ELOD, 537, 1, 1, 0, 0, -0.46701, 0, 0, -0.46701
ELOD, 537, 3, 1, 0, 0, -0.52869, 0, 0, -0.52869
ELOD, 538, 1, 1, 0, 0, -0.46701, 0, 0, -0.46701
ELOD, 538, 3, 1, 0, 0, -0.52869, 0, 0, -0.52869
ELOD, 539, 1, 1, 0, 0, -0.46701, 0, 0, -0.46701
ELOD, 539, 3, 1, 0, 0, -0.52869, 0, 0, -0.52869
ELOD, 540, 1, 1, 0, 0, -0.46701, 0, 0, -0.46701
ELOD, 540, 3, 1, 0, 0, -0.52869, 0, 0, -0.52869
ELOD, 541, 1, 1, 0, 0, -0.46701, 0, 0, -0.46701
ELOD, 541, 3, 1, 0, 0, -0.52869, 0, 0, -0.52869
ELOD, 542, 1, 1, 0, 0, -0.46701, 0, 0, -0.46701
ELOD, 542, 3, 1, 0, 0, -0.52869, 0, 0, -0.52869
ELOD, 543, 1, 1, 0, 0, -0.46701, 0, 0, -0.46701
ELOD, 543, 3, 1, 0, 0, -0.52869, 0, 0, -0.52869
ELOD, 544, 1, 1, 0, 0, -0.46701, 0, 0, -0.46701
ELOD, 544, 3, 1, 0, 0, -0.52869, 0, 0, -0.52869
ELOD, 545, 1, 1, 0, 0, -0.46701, 0, 0, -0.46701
ELOD, 545, 3, 1, 0, 0, -0.52869, 0, 0, -0.52869
ELOD, 546, 1, 1, 0, 0, -0.46701, 0, 0, -0.46701
ELOD, 546, 3, 1, 0, 0, -0.52869, 0, 0, -0.52869
ELOD, 547, 1, 1, 0, 0, -0.46701, 0, 0, -0.46701
ELOD, 547, 3, 1, 0, 0, -0.52869, 0, 0, -0.52869
ELOD, 548, 1, 1, 0, 0, -0.46701, 0, 0, -0.46701
ELOD, 548, 3, 1, 0, 0, -0.52869, 0, 0, -0.52869
ELOD, 549, 1, 1, 0, 0, -0.46701, 0, 0, -0.46701
ELOD, 549, 3, 1, 0, 0, -0.52869, 0, 0, -0.52869
ELOD, 550, 1, 1, 0, 0, -0.46701, 0, 0, -0.46701
ELOD, 550, 3, 1, 0, 0, -0.52869, 0, 0, -0.52869
ELOD, 551, 1, 1, 0, 0, -0.46701, 0, 0, -0.46701
ELOD, 551, 3, 1, 0, 0, -0.52869, 0, 0, -0.52869
ELOD, 552, 1, 1, 0, 0, -0.46701, 0, 0, -0.46701
ELOD, 552, 3, 1, 0, 0, -0.52869, 0, 0, -0.52869
ELOD, 553, 1, 1, 0, 0, -0.46701, 0, 0, -0.46701
ELOD, 553, 3, 1, 0, 0, -0.52869, 0, 0, -0.52869
ELOD, 554, 1, 1, 0, 0, -0.46701, 0, 0, -0.46701
ELOD, 554, 3, 1, 0, 0, -0.52869, 0, 0, -0.52869
ELOD, 555, 1, 1, 0, 0, -0.46701, 0, 0, -0.46701
ELOD, 555, 3, 1, 0, 0, -0.52869, 0, 0, -0.52869
ELOD, 556, 1, 1, 0, 0, -0.46701, 0, 0, -0.46701
ELOD, 556, 3, 1, 0, 0, -0.52869, 0, 0, -0.52869
ELOD, 557, 1, 1, 0, 0, -0.46701, 0, 0, -0.46701
ELOD, 557, 3, 1, 0, 0, -0.52869, 0, 0, -0.52869
ELOD, 558, 1, 1, 0, 0, -0.46701, 0, 0, -0.46701
ELOD, 558, 3, 1, 0, 0, -0.52869, 0, 0, -0.52869
ELOD, 559, 1, 1, 0, 0, -0.46701, 0, 0, -0.46701
ELOD, 559, 3, 1, 0, 0, -0.52869, 0, 0, -0.52869
ELOD, 560, 1, 1, 0, 0, -0.46701, 0, 0, -0.46701
ELOD, 560, 3, 1, 0, 0, -0.52869, 0, 0, -0.52869
ELOD, 561, 1, 1, 0, 0, -0.46701, 0, 0, -0.46701
ELOD, 561, 3, 1, 0, 0, -0.52869, 0, 0, -0.52869
ELOD, 562, 1, 1, 0, 0, -0.46701, 0, 0, -0.46701
ELOD, 562, 3, 1, 0, 0, -0.52869, 0, 0, -0.52869
ELOD, 563, 1, 1, 0, 0, -0.46701, 0, 0, -0.46701
ELOD, 563, 3, 1, 0, 0, -0.52869, 0, 0, -0.52869
ELOD, 564, 1, 1, 0, 0, -0.46701, 0, 0, -0.46701
ELOD, 564, 3, 1, 0, 0, -0.52869, 0, 0, -0.52869
ELOD, 565, 1, 1, 0, 0, -0.46701, 0, 0, -0.46701
ELOD, 565, 3, 1, 0, 0, -0.52869, 0, 0, -0.52869
ELOD, 566, 1, 1, 0, 0, -0.46701, 0, 0, -0.46701
ELOD, 566, 3, 1, 0, 0, -0.52869, 0, 0, -0.52869
ELOD, 567, 1, 1, 0, 0, -0.46701, 0, 0, -0.46701
ELOD, 567, 3, 1, 0, 0, -0.52869, 0, 0, -0.52869
ELOD, 568, 1, 1, 0, 0, -0.46701, 0, 0, -0.46701
ELOD, 568, 3, 1, 0, 0, -0.52869, 0, 0, -0.52869
ELOD, 569, 1, 1, 0, 0, -0.46701, 0, 0, -0.46701
ELOD, 569, 3, 1, 0, 0, -0.52869, 0, 0, -0.52869
ELOD, 570, 1, 1, 0, 0, -0.46701, 0, 0, -0.46701
ELOD, 570, 3, 1, 0, 0, -0.52869, 0, 0, -0.52869
ELOD, 571, 1, 1, 0, 0, -0.46701, 0, 0, -0.46701
ELOD, 571, 3, 1, 0, 0, -0.52869, 0, 0, -0.52869
ELOD, 572, 1, 1, 0, 0, -0.46701, 0, 0, -0.46701
ELOD, 572, 3, 1, 0, 0, -0.52869, 0, 0, -0.52869
ELOD, 573, 1, 1, 0, 0, -0.46701, 0, 0, -0.46701
ELOD, 573, 3, 1, 0, 0, -0.52869, 0, 0, -0.52869
ELOD, 574, 1, 1, 0, 0, -0.46701, 0, 0, -0.46701
ELOD, 574, 3, 1, 0, 0, -0.52869, 0, 0, -0.52869
ELOD, 575, 1, 1, 0, 0, -0.46701, 0, 0, -0.46701
ELOD, 575, 3, 1, 0, 0, -0.52869, 0, 0, -0.52869
ELOD, 576, 1, 1, 0, 0, -0.46701, 0, 0, -0.46701
ELOD, 576, 3, 1, 0, 0, -0.52869, 0, 0, -0.52869
ELOD, 577, 1, 1, 0, 0, -0.46701, 0, 0, -0.46701
ELOD, 577, 3, 1, 0, 0, -0.52869, 0, 0, -0.52869
ELOD, 578, 1, 1, 0, 0, -0.46701, 0, 0, -0.46701
ELOD, 578, 3, 1, 0, 0, -0.52869, 0, 0, -0.52869
ELOD, 579, 1, 1, 0, 0, -0.46701, 0, 0, -0.46701
ELOD, 579, 3, 1, 0, 0, -0.52869, 0, 0, -0.52869
ELOD, 580, 1, 1, 0, 0, -0.46701, 0, 0, -0.46701
ELOD, 580, 3, 1, 0, 0, -0.52869, 0, 0, -0.52869
ELOD, 581, 1, 1, 0, 0, -0.46701, 0, 0, -0.46701
ELOD, 581, 3, 1, 0, 0, -0.52869, 0, 0, -0.52869
ELOD, 582, 1, 1, 0, 0, -0.46701, 0, 0, -0.46701
ELOD, 582, 3, 1, 0, 0, -0.52869, 0, 0, -0.52869
ELOD, 583, 1, 1, 0, 0, -0.46701, 0, 0, -0.46701
ELOD, 583, 3, 1, 0, 0, -0.52869, 0, 0, -0.52869
ELOD, 584, 1, 1, 0, 0, -0.46701, 0, 0, -0.46701
ELOD, 584, 3, 1, 0, 0, -0.52869, 0, 0, -0.52869
ELOD, 585, 1, 1, 0, 0, -0.46701, 0, 0, -0.46701
ELOD, 585, 3, 1, 0, 0, -0.52869, 0, 0, -0.52869
ELOD, 586, 1, 1, 0, 0, -0.46701, 0, 0, -0.46701
ELOD, 586, 3, 1, 0, 0, -0.52869, 0, 0, -0.52869
ELOD, 587, 1, 1, 0, 0, -0.46701, 0, 0, -0.46701
ELOD, 587, 3, 1, 0, 0, -0.52869, 0, 0, -0.52869
ELOD, 588, 1, 1, 0, 0, -0.46701, 0, 0, -0.46701
ELOD, 588, 3, 1, 0, 0, -0.52869, 0, 0, -0.52869
ELOD, 589, 1, 1, 0, 0, -0.46701, 0, 0, -0.46701
ELOD, 589, 3, 1, 0, 0, -0.52869, 0, 0, -0.52869
ELOD, 590, 1, 1, 0, 0, -0.46701, 0, 0, -0.46701
ELOD, 590, 3, 1, 0, 0, -0.52869, 0, 0, -0.52869
ELOD, 591, 1, 1, 0, 0, -0.46701, 0, 0, -0.46701
ELOD, 591, 3, 1, 0, 0, -0.52869, 0, 0, -0.52869
ELOD, 592, 1, 1, 0, 0, -0.46701, 0, 0, -0.46701
ELOD, 592, 3, 1, 0, 0, -0.52869, 0, 0, -0.52869
ELOD, 593, 1, 1, 0, 0, -0.46701, 0, 0, -0.46701
ELOD, 593, 3, 1, 0, 0, -0.52869, 0, 0, -0.52869
ELOD, 594, 1, 1, 0, 0, -0.46701, 0, 0, -0.46701
ELOD, 594, 3, 1, 0, 0, -0.52869, 0, 0, -0.52869
ELOD, 595, 1, 1, 0, 0, -0.46701, 0, 0, -0.46701
ELOD, 595, 3, 1, 0, 0, -0.52869, 0, 0, -0.52869
ELOD, 596, 1, 1, 0, 0, -0.46701, 0, 0, -0.46701
ELOD, 596, 3, 1, 0, 0, -0.52869, 0, 0, -0.52869
ELOD, 597, 1, 1, 0, 0, -0.46701, 0, 0, -0.46701
ELOD, 597, 3, 1, 0, 0, -0.52869, 0, 0, -0.52869
ELOD, 598, 1, 1, 0, 0, -0.46701, 0, 0, -0.46701
ELOD, 598, 3, 1, 0, 0, -0.52869, 0, 0, -0.52869
ELOD, 599, 1, 1, 0, 0, -0.46701, 0, 0, -0.46701
ELOD, 599, 3, 1, 0, 0, -0.52869, 0, 0, -0.52869
ELOD, 600, 1, 1, 0, 0, -0.46701, 0, 0, -0.46701
ELOD, 600, 3, 1, 0, 0, -0.52869, 0, 0, -0.52869
ELOD, 601, 1, 1, 0, 0, -0.46701, 0, 0, -0.46701
ELOD, 601, 3, 1, 0, 0, -0.52869, 0, 0, -0.52869
ELOD, 602, 1, 1, 0, 0, -0.46701, 0, 0, -0.46701
ELOD, 602, 3, 1, 0, 0, -0.52869, 0, 0, -0.52869
ELOD, 603, 1, 1, 0, 0, -0.46701, 0, 0, -0.46701
ELOD, 603, 3, 1, 0, 0, -0.52869, 0, 0, -0.52869
ELOD, 604, 1, 1, 0, 0, -0.46701, 0, 0, -0.46701
ELOD, 604, 3, 1, 0, 0, -0.52869, 0, 0, -0.52869
ELOD, 605, 1, 1, 0, 0, -0.46701, 0, 0, -0.46701
ELOD, 605, 3, 1, 0, 0, -0.52869, 0, 0, -0.52869
ELOD, 606, 1, 1, 0, 0, -0.46701, 0, 0, -0.46701
ELOD, 606, 3, 1, 0, 0, -0.52869, 0, 0, -0.52869
ELOD, 607, 1, 1, 0, 0, -0.46701, 0, 0, -0.46701
ELOD, 607, 3, 1, 0, 0, -0.52869, 0, 0, -0.52869
ELOD, 608, 1, 1, 0, 0, -0.46701, 0, 0, -0.46701
ELOD, 608, 3, 1, 0, 0, -0.52869, 0, 0, -0.52869
ELOD, 609, 1, 1, 0, 0, -0.46701, 0, 0, -0.46701
ELOD, 609, 3, 1, 0, 0, -0.52869, 0, 0, -0.52869
ELOD, 610, 1, 1, 0, 0, -0.46701, 0, 0, -0.46701
ELOD, 610, 3, 1, 0, 0, -0.52869, 0, 0, -0.52869
ELOD, 611, 1, 1, 0, 0, -0.46701, 0, 0, -0.46701
ELOD, 611, 3, 1, 0, 0, -0.52869, 0, 0, -0.52869
ELOD, 612, 1, 1, 0, 0, -0.46701, 0, 0, -0.46701
ELOD, 612, 3, 1, 0, 0, -0.52869, 0, 0, -0.52869
ELOD, 613, 1, 1, 0, 0, -0.46701, 0, 0, -0.46701
ELOD, 613, 3, 1, 0, 0, -0.52869, 0, 0, -0.52869
ELOD, 614, 1, 1, 0, 0, -0.46701, 0, 0, -0.46701
ELOD, 614, 3, 1, 0, 0, -0.52869, 0, 0, -0.52869
ELOD, 615, 1, 1, 0, 0, -0.46701, 0, 0, -0.46701
ELOD, 615, 3, 1, 0, 0, -0.52869, 0, 0, -0.52869
ELOD, 616, 1, 1, 0, 0, -0.46701, 0, 0, -0.46701
ELOD, 616, 3, 1, 0, 0, -0.52869, 0, 0, -0.52869
ELOD, 617, 1, 1, 0, 0, -0.46701, 0, 0, -0.46701
ELOD, 617, 3, 1, 0, 0, -0.52869, 0, 0, -0.52869
ELOD, 618, 1, 1, 0, 0, -0.46701, 0, 0, -0.46701
ELOD, 618, 3, 1, 0, 0, -0.52869, 0, 0, -0.52869
ELOD, 619, 1, 1, 0, 0, -0.46701, 0, 0, -0.46701
ELOD, 619, 3, 1, 0, 0, -0.52869, 0, 0, -0.52869
ELOD, 620, 1, 1, 0, 0, -0.46701, 0, 0, -0.46701
ELOD, 620, 3, 1, 0, 0, -0.52869, 0, 0, -0.52869
ELOD, 621, 1, 1, 0, 0, -0.46701, 0, 0, -0.46701
ELOD, 621, 3, 1, 0, 0, -0.52869, 0, 0, -0.52869
ELOD, 622, 1, 1, 0, 0, -0.46701, 0, 0, -0.46701
ELOD, 622, 3, 1, 0, 0, -0.52869, 0, 0, -0.52869
ELOD, 623, 1, 1, 0, 0, -0.46701, 0, 0, -0.46701
ELOD, 623, 3, 1, 0, 0, -0.52869, 0, 0, -0.52869
ELOD, 624, 1, 1, 0, 0, -0.46701, 0, 0, -0.46701
ELOD, 624, 3, 1, 0, 0, -0.52869, 0, 0, -0.52869
ELOD, 625, 1, 1, 0, 0, -0.46701, 0, 0, -0.46701
ELOD, 625, 3, 1, 0, 0, -0.52869, 0, 0, -0.52869
ELOD, 626, 1, 1, 0, 0, -0.46701, 0, 0, -0.46701
ELOD, 626, 3, 1, 0, 0, -0.52869, 0, 0, -0.52869
ELOD, 627, 1, 1, 0, 0, -0.46701, 0, 0, -0.46701
ELOD, 627, 3, 1, 0, 0, -0.52869, 0, 0, -0.52869
ELOD, 628, 1, 1, 0, 0, -0.46701, 0, 0, -0.46701
ELOD, 628, 3, 1, 0, 0, -0.52869, 0, 0, -0.52869
ELOD, 629, 1, 1, 0, 0, -0.46701, 0, 0, -0.46701
ELOD, 629, 3, 1, 0, 0, -0.52869, 0, 0, -0.52869
ELOD, 630, 1, 1, 0, 0, -0.46701, 0, 0, -0.46701
ELOD, 630, 3, 1, 0, 0, -0.52869, 0, 0, -0.52869
ELOD, 631, 1, 1, 0, 0, -0.46701, 0, 0, -0.46701
ELOD, 631, 3, 1, 0, 0, -0.52869, 0, 0, -0.52869
ELOD, 632, 1, 1, 0, 0, -0.46701, 0, 0, -0.46701
ELOD, 632, 3, 1, 0, 0, -0.52869, 0, 0, -0.52869
ELOD, 633, 1, 1, 0, 0, -0.46701, 0, 0, -0.46701
ELOD, 633, 3, 1, 0, 0, -0.52869, 0, 0, -0.52869
ELOD, 634, 1, 1, 0, 0, -0.46701, 0, 0, -0.46701
ELOD, 634, 3, 1, 0, 0, -0.52869, 0, 0, -0.52869
ELOD, 635, 1, 1, 0, 0, -0.46701, 0, 0, -0.46701
ELOD, 635, 3, 1, 0, 0, -0.52869, 0, 0, -0.52869
ELOD, 636, 1, 1, 0, 0, -0.46701, 0, 0, -0.46701
ELOD, 636, 3, 1, 0, 0, -0.52869, 0, 0, -0.52869
ELOD, 637, 1, 1, 0, 0, -0.46701, 0, 0, -0.46701
ELOD, 637, 3, 1, 0, 0, -0.52869, 0, 0, -0.52869
ELOD, 638, 1, 1, 0, 0, -0.46701, 0, 0, -0.46701
ELOD, 638, 3, 1, 0, 0, -0.52869, 0, 0, -0.52869
ELOD, 639, 1, 1, 0, 0, -0.46701, 0, 0, -0.46701
ELOD, 639, 3, 1, 0, 0, -0.52869, 0, 0, -0.52869
ELOD, 640, 1, 1, 0, 0, -0.46701, 0, 0, -0.46701
ELOD, 640, 3, 1, 0, 0, -0.52869, 0, 0, -0.52869
ELOD, 641, 1, 1, 0, 0, -0.46701, 0, 0, -0.46701
ELOD, 641, 3, 1, 0, 0, -0.52869, 0, 0, -0.52869
ELOD, 642, 1, 1, 0, 0, -0.46701, 0, 0, -0.46701
ELOD, 642, 3, 1, 0, 0, -0.52869, 0, 0, -0.52869
ELOD, 643, 1, 1, 0, 0, -0.46701, 0, 0, -0.46701
ELOD, 643, 3, 1, 0, 0, -0.52869, 0, 0, -0.52869
ELOD, 644, 1, 1, 0, 0, -0.46701, 0, 0, -0.46701
ELOD, 644, 3, 1, 0, 0, -0.52869, 0, 0, -0.52869
ELOD, 645, 1, 1, 0, 0, -0.46701, 0, 0, -0.46701
ELOD, 645, 3, 1, 0, 0, -0.52869, 0, 0, -0.52869
ELOD, 646, 1, 1, 0, 0, -0.46701, 0, 0, -0.46701
ELOD, 646, 3, 1, 0, 0, -0.52869, 0, 0, -0.52869
ELOD, 647, 1, 1, 0, 0, -0.46701, 0, 0, -0.46701
ELOD, 647, 3, 1, 0, 0, -0.52869, 0, 0, -0.52869
ELOD, 648, 1, 1, 0, 0, -0.46701, 0, 0, -0.46701
ELOD, 648, 3, 1, 0, 0, -0.52869, 0, 0, -0.52869
ELOD, 649, 1, 1, 0, 0, -0.46701, 0, 0, -0.46701
ELOD, 649, 3, 1, 0, 0, -0.52869, 0, 0, -0.52869
ELOD, 650, 1, 1, 0, 0, -0.46701, 0, 0, -0.46701
ELOD, 650, 3, 1, 0, 0, -0.52869, 0, 0, -0.52869
ELOD, 651, 1, 1, 0, 0, -0.46701, 0, 0, -0.46701
ELOD, 651, 3, 1, 0, 0, -0.52869, 0, 0, -0.52869
ELOD, 652, 1, 1, 0, 0, -0.46701, 0, 0, -0.46701
ELOD, 652, 3, 1, 0, 0, -0.52869, 0, 0, -0.52869
ELOD, 653, 1, 1, 0, 0, -0.46701, 0, 0, -0.46701
ELOD, 653, 3, 1, 0, 0, -0.52869, 0, 0, -0.52869
ELOD, 654, 1, 1, 0, 0, -0.46701, 0, 0, -0.46701
ELOD, 654, 3, 1, 0, 0, -0.52869, 0, 0, -0.52869
ELOD, 655, 1, 1, 0, 0, -0.46701, 0, 0, -0.46701
ELOD, 655, 3, 1, 0, 0, -0.52869, 0, 0, -0.52869
ELOD, 656, 1, 1, 0, 0, -0.46701, 0, 0, -0.46701
ELOD, 656, 3, 1, 0, 0, -0.52869, 0, 0, -0.52869
ELOD, 657, 1, 1, 0, 0, -0.46701, 0, 0, -0.46701
ELOD, 657, 3, 1, 0, 0, -0.52869, 0, 0, -0.52869
ELOD, 658, 1, 1, 0, 0, -0.46701, 0, 0, -0.46701
ELOD, 658, 3, 1, 0, 0, -0.52869, 0, 0, -0.52869
ELOD, 659, 1, 1, 0, 0, -0.46701, 0, 0, -0.46701
ELOD, 659, 3, 1, 0, 0, -0.52869, 0, 0, -0.52869
ELOD, 660, 1, 1, 0, 0, -0.46701, 0, 0, -0.46701
ELOD, 660, 3, 1, 0, 0, -0.52869, 0, 0, -0.52869
ELOD, 661, 1, 1, 0, 0, -0.46701, 0, 0, -0.46701
ELOD, 661, 3, 1, 0, 0, -0.52869, 0, 0, -0.52869
ELOD, 662, 1, 1, 0, 0, -0.46701, 0, 0, -0.46701
ELOD, 662, 3, 1, 0, 0, -0.52869, 0, 0, -0.52869
ELOD, 663, 1, 1, 0, 0, -0.46701, 0, 0, -0.46701
ELOD, 663, 3, 1, 0, 0, -0.52869, 0, 0, -0.52869
ELOD, 664, 1, 1, 0, 0, -0.46701, 0, 0, -0.46701
ELOD, 664, 3, 1, 0, 0, -0.52869, 0, 0, -0.52869
ELOD, 665, 1, 1, 0, 0, -0.46701, 0, 0, -0.46701
ELOD, 665, 3, 1, 0, 0, -0.52869, 0, 0, -0.52869
ELOD, 666, 1, 1, 0, 0, -0.46701, 0, 0, -0.46701
ELOD, 666, 3, 1, 0, 0, -0.52869, 0, 0, -0.52869
ELOD, 667, 1, 1, 0, 0, -0.46701, 0, 0, -0.46701
ELOD, 667, 3, 1, 0, 0, -0.52869, 0, 0, -0.52869
ELOD, 668, 1, 1, 0, 0, -0.46701, 0, 0, -0.46701
ELOD, 668, 3, 1, 0, 0, -0.52869, 0, 0, -0.52869
ELOD, 669, 1, 1, 0, 0, -0.46701, 0, 0, -0.46701
ELOD, 669, 3, 1, 0, 0, -0.52869, 0, 0, -0.52869
ELOD, 670, 1, 1, 0, 0, -0.46701, 0, 0, -0.46701
ELOD, 670, 3, 1, 0, 0, -0.52869, 0, 0, -0.52869
ELOD, 671, 1, 1, 0, 0, -0.46701, 0, 0, -0.46701
ELOD, 671, 3, 1, 0, 0, -0.52869, 0, 0, -0.52869
ELOD, 672, 1, 1, 0, 0, -0.46701, 0, 0, -0.46701
ELOD, 672, 3, 1, 0, 0, -0.52869, 0, 0, -0.52869
ELOD, 673, 1, 1, 0, 0, -0.46701, 0, 0, -0.46701
ELOD, 673, 3, 1, 0, 0, -0.52869, 0, 0, -0.52869
ELOD, 674, 1, 1, 0, 0, -0.46701, 0, 0, -0.46701
ELOD, 674, 3, 1, 0, 0, -0.52869, 0, 0, -0.52869
ELOD, 675, 1, 1, 0, 0, -0.46701, 0, 0, -0.46701
ELOD, 675, 3, 1, 0, 0, -0.52869, 0, 0, -0.52869
ELOD, 676, 1, 1, 0, 0, -0.46701, 0, 0, -0.46701
ELOD, 676, 3, 1, 0, 0, -0.52869, 0, 0, -0.52869
ELOD, 677, 1, 1, 0, 0, -0.46701, 0, 0, -0.46701
ELOD, 677, 3, 1, 0, 0, -0.52869, 0, 0, -0.52869
ELOD, 678, 1, 1, 0, 0, -0.46701, 0, 0, -0.46701
ELOD, 678, 3, 1, 0, 0, -0.52869, 0, 0, -0.52869
ELOD, 679, 1, 1, 0, 0, -0.46701, 0, 0, -0.46701
ELOD, 679, 3, 1, 0, 0, -0.52869, 0, 0, -0.52869
ELOD, 680, 1, 1, 0, 0, -0.46701, 0, 0, -0.46701
ELOD, 680, 3, 1, 0, 0, -0.52869, 0, 0, -0.52869
ELOD, 681, 1, 1, 0, 0, -0.46701, 0, 0, -0.46701
ELOD, 681, 3, 1, 0, 0, -0.52869, 0, 0, -0.52869
ELOD, 682, 1, 1, 0, 0, -0.46701, 0, 0, -0.46701
ELOD, 682, 3, 1, 0, 0, -0.52869, 0, 0, -0.52869
ELOD, 683, 1, 1, 0, 0, -0.46701, 0, 0, -0.46701
ELOD, 683, 3, 1, 0, 0, -0.52869, 0, 0, -0.52869
ELOD, 684, 1, 1, 0, 0, -0.46701, 0, 0, -0.46701
ELOD, 684, 3, 1, 0, 0, -0.52869, 0, 0, -0.52869
ELOD, 685, 1, 1, 0, 0, -0.46701, 0, 0, -0.46701
ELOD, 685, 3, 1, 0, 0, -0.52869, 0, 0, -0.52869
ELOD, 686, 1, 1, 0, 0, -0.46701, 0, 0, -0.46701
ELOD, 686, 3, 1, 0, 0, -0.52869, 0, 0, -0.52869
ELOD, 687, 1, 1, 0, 0, -0.46701, 0, 0, -0.46701
ELOD, 687, 3, 1, 0, 0, -0.52869, 0, 0, -0.52869
ELOD, 688, 1, 1, 0, 0, -0.46701, 0, 0, -0.46701
ELOD, 688, 3, 1, 0, 0, -0.52869, 0, 0, -0.52869
ELOD, 689, 1, 1, 0, 0, -0.46701, 0, 0, -0.46701
ELOD, 689, 3, 1, 0, 0, -0.52869, 0, 0, -0.52869
ELOD, 690, 1, 1, 0, 0, -0.46701, 0, 0, -0.46701
ELOD, 690, 3, 1, 0, 0, -0.52869, 0, 0, -0.52869
ELOD, 691, 1, 1, 0, 0, -0.46701, 0, 0, -0.46701
ELOD, 691, 3, 1, 0, 0, -0.52869, 0, 0, -0.52869
ELOD, 692, 1, 1, 0, 0, -0.46701, 0, 0, -0.46701
ELOD, 692, 3, 1, 0, 0, -0.52869, 0, 0, -0.52869
ELOD, 693, 1, 1, 0, 0, -0.46701, 0, 0, -0.46701
ELOD, 693, 3, 1, 0, 0, -0.52869, 0, 0, -0.52869
ELOD, 694, 1, 1, 0, 0, -0.46701, 0, 0, -0.46701
ELOD, 694, 3, 1, 0, 0, -0.52869, 0, 0, -0.52869
ELOD, 695, 1, 1, 0, 0, -0.46701, 0, 0, -0.46701
ELOD, 695, 3, 1, 0, 0, -0.52869, 0, 0, -0.52869
ELOD, 696, 1, 1, 0, 0, -0.46701, 0, 0, -0.46701
ELOD, 696, 3, 1, 0, 0, -0.52869, 0, 0, -0.52869
ELOD, 697, 1, 1, 0, 0, -0.46701, 0, 0, -0.46701
ELOD, 697, 3, 1, 0, 0, -0.52869, 0, 0, -0.52869
ELOD, 698, 1, 1, 0, 0, -0.46701, 0, 0, -0.46701
ELOD, 698, 3, 1, 0, 0, -0.52869, 0, 0, -0.52869
ELOD, 699, 1, 1, 0, 0, -0.46701, 0, 0, -0.46701
ELOD, 699, 3, 1, 0, 0, -0.52869, 0, 0, -0.52869
ELOD, 700, 1, 1, 0, 0, -0.46701, 0, 0, -0.46701
ELOD, 700, 3, 1, 0, 0, -0.52869, 0, 0, -0.52869
ELOD, 701, 1, 1, 0, 0, -0.46701, 0, 0, -0.46701
ELOD, 701, 3, 1, 0, 0, -0.52869, 0, 0, -0.52869
ELOD, 702, 1, 1, 0, 0, -0.46701, 0, 0, -0.46701
ELOD, 702, 3, 1, 0, 0, -0.52869, 0, 0, -0.52869
ELOD, 703, 1, 1, 0, 0, -0.46701, 0, 0, -0.46701
ELOD, 703, 3, 1, 0, 0, -0.52869, 0, 0, -0.52869
ELOD, 704, 1, 1, 0, 0, -0.46701, 0, 0, -0.46701
ELOD, 704, 3, 1, 0, 0, -0.52869, 0, 0, -0.52869
ELOD, 705, 1, 1, 0, 0, -0.46701, 0, 0, -0.46701
ELOD, 705, 3, 1, 0, 0, -0.52869, 0, 0, -0.52869
ELOD, 706, 1, 1, 0, 0, -0.46701, 0, 0, -0.46701
ELOD, 706, 3, 1, 0, 0, -0.52869, 0, 0, -0.52869
ELOD, 707, 1, 1, 0, 0, -0.46701, 0, 0, -0.46701
ELOD, 707, 3, 1, 0, 0, -0.52869, 0, 0, -0.52869
ELOD, 708, 1, 1, 0, 0, -0.46701, 0, 0, -0.46701
ELOD, 708, 3, 1, 0, 0, -0.52869, 0, 0, -0.52869
ELOD, 709, 1, 1, 0, 0, -0.46701, 0, 0, -0.46701
ELOD, 709, 3, 1, 0, 0, -0.52869, 0, 0, -0.52869
ELOD, 710, 1, 1, 0, 0, -0.46701, 0, 0, -0.46701
ELOD, 710, 3, 1, 0, 0, -0.52869, 0, 0, -0.52869
ELOD, 711, 1, 1, 0, 0, -0.46701, 0, 0, -0.46701
ELOD, 711, 3, 1, 0, 0, -0.52869, 0, 0, -0.52869
ELOD, 712, 1, 1, 0, 0, -0.46701, 0, 0, -0.46701
ELOD, 712, 3, 1, 0, 0, -0.52869, 0, 0, -0.52869
ELOD, 713, 1, 1, 0, 0, -0.46701, 0, 0, -0.46701
ELOD, 713, 3, 1, 0, 0, -0.52869, 0, 0, -0.52869
ELOD, 714, 1, 1, 0, 0, -0.46701, 0, 0, -0.46701
ELOD, 714, 3, 1, 0, 0, -0.52869, 0, 0, -0.52869
ELOD, 715, 1, 1, 0, 0, -0.46701, 0, 0, -0.46701
ELOD, 715, 3, 1, 0, 0, -0.52869, 0, 0, -0.52869
ELOD, 716, 1, 1, 0, 0, -0.46701, 0, 0, -0.46701
ELOD, 716, 3, 1, 0, 0, -0.52869, 0, 0, -0.52869
ELOD, 717, 1, 1, 0, 0, -0.46701, 0, 0, -0.46701
ELOD, 717, 3, 1, 0, 0, -0.52869, 0, 0, -0.52869
ELOD, 718, 1, 1, 0, 0, -0.46701, 0, 0, -0.46701
ELOD, 718, 3, 1, 0, 0, -0.52869, 0, 0, -0.52869
ELOD, 719, 1, 1, 0, 0, -0.46701, 0, 0, -0.46701
ELOD, 719, 3, 1, 0, 0, -0.52869, 0, 0, -0.52869
ELOD, 720, 1, 1, 0, 0, -0.46701, 0, 0, -0.46701
ELOD, 720, 3, 1, 0, 0, -0.52869, 0, 0, -0.52869
ELOD, 721, 1, 1, 0, 0, -0.46701, 0, 0, -0.46701
ELOD, 721, 3, 1, 0, 0, -0.52869, 0, 0, -0.52869
ELOD, 722, 1, 1, 0, 0, -0.46701, 0, 0, -0.46701
ELOD, 722, 3, 1, 0, 0, -0.52869, 0, 0, -0.52869
ELOD, 723, 1, 1, 0, 0, -0.46701, 0, 0, -0.46701
ELOD, 723, 3, 1, 0, 0, -0.52869, 0, 0, -0.52869
ELOD, 724, 1, 1, 0, 0, -0.46701, 0, 0, -0.46701
ELOD, 724, 3, 1, 0, 0, -0.52869, 0, 0, -0.52869
ELOD, 725, 1, 1, 0, 0, -0.46701, 0, 0, -0.46701
ELOD, 725, 3, 1, 0, 0, -0.52869, 0, 0, -0.52869
ELOD, 726, 1, 1, 0, 0, -0.46701, 0, 0, -0.46701
ELOD, 726, 3, 1, 0, 0, -0.52869, 0, 0, -0.52869
ELOD, 727, 1, 1, 0, 0, -0.46701, 0, 0, -0.46701
ELOD, 727, 3, 1, 0, 0, -0.52869, 0, 0, -0.52869
ELOD, 728, 1, 1, 0, 0, -0.46701, 0, 0, -0.46701
ELOD, 728, 3, 1, 0, 0, -0.52869, 0, 0, -0.52869
ELOD, 729, 1, 1, 0, 0, -0.46701, 0, 0, -0.46701
ELOD, 729, 3, 1, 0, 0, -0.52869, 0, 0, -0.52869
ELOD, 730, 1, 1, 0, 0, -0.46701, 0, 0, -0.46701
ELOD, 730, 3, 1, 0, 0, -0.52869, 0, 0, -0.52869
ELOD, 731, 1, 1, 0, 0, -0.46701, 0, 0, -0.46701
ELOD, 731, 3, 1, 0, 0, -0.52869, 0, 0, -0.52869
ELOD, 732, 1, 1, 0, 0, -0.46701, 0, 0, -0.46701
ELOD, 732, 3, 1, 0, 0, -0.52869, 0, 0, -0.52869
ELOD, 733, 1, 1, 0, 0, -0.46701, 0, 0, -0.46701
ELOD, 733, 3, 1, 0, 0, -0.52869, 0, 0, -0.52869
ELOD, 734, 1, 1, 0, 0, -0.46701, 0, 0, -0.46701
ELOD, 734, 3, 1, 0, 0, -0.52869, 0, 0, -0.52869
ELOD, 735, 1, 1, 0, 0, -0.46701, 0, 0, -0.46701
ELOD, 735, 3, 1, 0, 0, -0.52869, 0, 0, -0.52869
ELOD, 736, 1, 1, 0, 0, -0.46701, 0, 0, -0.46701
ELOD, 736, 3, 1, 0, 0, -0.52869, 0, 0, -0.52869
ELOD, 737, 1, 1, 0, 0, -0.46701, 0, 0, -0.46701
ELOD, 737, 3, 1, 0, 0, -0.52869, 0, 0, -0.52869
ELOD, 738, 1, 1, 0, 0, -0.46701, 0, 0, -0.46701
ELOD, 738, 3, 1, 0, 0, -0.52869, 0, 0, -0.52869
ELOD, 739, 1, 1, 0, 0, -0.46701, 0, 0, -0.46701
ELOD, 739, 3, 1, 0, 0, -0.52869, 0, 0, -0.52869
ELOD, 740, 1, 1, 0, 0, -0.46701, 0, 0, -0.46701
ELOD, 740, 3, 1, 0, 0, -0.52869, 0, 0, -0.52869
ELOD, 741, 1, 1, 0, 0, -0.46701, 0, 0, -0.46701
ELOD, 741, 3, 1, 0, 0, -0.52869, 0, 0, -0.52869
ELOD, 742, 1, 1, 0, 0, -0.46701, 0, 0, -0.46701
ELOD, 742, 3, 1, 0, 0, -0.52869, 0, 0, -0.52869
ELOD, 743, 1, 1, 0, 0, -0.46701, 0, 0, -0.46701
ELOD, 743, 3, 1, 0, 0, -0.52869, 0, 0, -0.52869
ELOD, 744, 1, 1, 0, 0, -0.46701, 0, 0, -0.46701
ELOD, 744, 3, 1, 0, 0, -0.52869, 0, 0, -0.52869
ELOD, 745, 1, 1, 0, 0, -0.46701, 0, 0, -0.46701
ELOD, 745, 3, 1, 0, 0, -0.52869, 0, 0, -0.52869
ELOD, 746, 1, 1, 0, 0, -0.46701, 0, 0, -0.46701
ELOD, 746, 3, 1, 0, 0, -0.52869, 0, 0, -0.52869
ELOD, 747, 1, 1, 0, 0, -0.46701, 0, 0, -0.46701
ELOD, 747, 3, 1, 0, 0, -0.52869, 0, 0, -0.52869
ELOD, 748, 1, 1, 0, 0, -0.46701, 0, 0, -0.46701
ELOD, 748, 3, 1, 0, 0, -0.52869, 0, 0, -0.52869
ELOD, 749, 1, 1, 0, 0, -0.46701, 0, 0, -0.46701
ELOD, 749, 3, 1, 0, 0, -0.52869, 0, 0, -0.52869
ELOD, 750, 1, 1, 0, 0, -0.46701, 0, 0, -0.46701
ELOD, 750, 3, 1, 0, 0, -0.52869, 0, 0, -0.52869
ELOD, 751, 1, 1, 0, 0, -0.46701, 0, 0, -0.46701
ELOD, 751, 3, 1, 0, 0, -0.52869, 0, 0, -0.52869
ELOD, 752, 1, 1, 0, 0, -0.46701, 0, 0, -0.46701
ELOD, 752, 3, 1, 0, 0, -0.52869, 0, 0, -0.52869
ELOD, 753, 1, 1, 0, 0, -0.46701, 0, 0, -0.46701
ELOD, 753, 3, 1, 0, 0, -0.52869, 0, 0, -0.52869
ELOD, 754, 1, 1, 0, 0, -0.46701, 0, 0, -0.46701
ELOD, 754, 3, 1, 0, 0, -0.52869, 0, 0, -0.52869
ELOD, 755, 1, 1, 0, 0, -0.46701, 0, 0, -0.46701
ELOD, 755, 3, 1, 0, 0, -0.52869, 0, 0, -0.52869
ELOD, 756, 1, 1, 0, 0, -0.46701, 0, 0, -0.46701
ELOD, 756, 3, 1, 0, 0, -0.52869, 0, 0, -0.52869
ELOD, 757, 1, 1, 0, 0, -0.46701, 0, 0, -0.46701
ELOD, 757, 3, 1, 0, 0, -0.52869, 0, 0, -0.52869
ELOD, 758, 1, 1, 0, 0, -0.46701, 0, 0, -0.46701
ELOD, 758, 3, 1, 0, 0, -0.52869, 0, 0, -0.52869
ELOD, 759, 1, 1, 0, 0, -0.46701, 0, 0, -0.46701
ELOD, 759, 3, 1, 0, 0, -0.52869, 0, 0, -0.52869
ELOD, 760, 1, 1, 0, 0, -0.46701, 0, 0, -0.46701
ELOD, 760, 3, 1, 0, 0, -0.52869, 0, 0, -0.52869
ELOD, 761, 1, 1, 0, 0, -0.46701, 0, 0, -0.46701
ELOD, 761, 3, 1, 0, 0, -0.52869, 0, 0, -0.52869
ELOD, 762, 1, 1, 0, 0, -0.46701, 0, 0, -0.46701
ELOD, 762, 3, 1, 0, 0, -0.52869, 0, 0, -0.52869
ELOD, 763, 1, 1, 0, 0, -0.46701, 0, 0, -0.46701
ELOD, 763, 3, 1, 0, 0, -0.52869, 0, 0, -0.52869
ELOD, 764, 1, 1, 0, 0, -0.46701, 0, 0, -0.46701
ELOD, 764, 3, 1, 0, 0, -0.52869, 0, 0, -0.52869
ELOD, 765, 1, 1, 0, 0, -0.46701, 0, 0, -0.46701
ELOD, 765, 3, 1, 0, 0, -0.52869, 0, 0, -0.52869
ELOD, 766, 1, 1, 0, 0, -0.41312, 0, 0, -0.41312
ELOD, 766, 3, 1, 0, 0, -0.46769, 0, 0, -0.46769
ELOD, 767, 1, 1, 0, 0, -0.41312, 0, 0, -0.41312
ELOD, 767, 3, 1, 0, 0, -0.46769, 0, 0, -0.46769
ELOD, 768, 1, 1, 0, 0, -0.41312, 0, 0, -0.41312
ELOD, 768, 3, 1, 0, 0, -0.46769, 0, 0, -0.46769
ELOD, 769, 1, 1, 0, 0, -0.41312, 0, 0, -0.41312
ELOD, 769, 3, 1, 0, 0, -0.46769, 0, 0, -0.46769
ELOD, 770, 1, 1, 0, 0, -0.41312, 0, 0, -0.41312
ELOD, 770, 3, 1, 0, 0, -0.46769, 0, 0, -0.46769
ELOD, 771, 1, 1, 0, 0, -0.41312, 0, 0, -0.41312
ELOD, 771, 3, 1, 0, 0, -0.46769, 0, 0, -0.46769
ELOD, 772, 1, 1, 0, 0, -0.41312, 0, 0, -0.41312
ELOD, 772, 3, 1, 0, 0, -0.46769, 0, 0, -0.46769
ELOD, 773, 1, 1, 0, 0, -0.41312, 0, 0, -0.41312
ELOD, 773, 3, 1, 0, 0, -0.46769, 0, 0, -0.46769
ELOD, 774, 1, 1, 0, 0, -0.41312, 0, 0, -0.41312
ELOD, 774, 3, 1, 0, 0, -0.46769, 0, 0, -0.46769
ELOD, 775, 1, 1, 0, 0, -0.41312, 0, 0, -0.41312
ELOD, 775, 3, 1, 0, 0, -0.46769, 0, 0, -0.46769
ELOD, 776, 1, 1, 0, 0, -0.41312, 0, 0, -0.41312
ELOD, 776, 3, 1, 0, 0, -0.46769, 0, 0, -0.46769
ELOD, 777, 1, 1, 0, 0, -0.41312, 0, 0, -0.41312
ELOD, 777, 3, 1, 0, 0, -0.46769, 0, 0, -0.46769
ELOD, 778, 1, 1, 0, 0, -0.41312, 0, 0, -0.41312
ELOD, 778, 3, 1, 0, 0, -0.46769, 0, 0, -0.46769
ELOD, 779, 1, 1, 0, 0, -0.41312, 0, 0, -0.41312
ELOD, 779, 3, 1, 0, 0, -0.46769, 0, 0, -0.46769
ELOD, 780, 1, 1, 0, 0, -0.41312, 0, 0, -0.41312
ELOD, 780, 3, 1, 0, 0, -0.46769, 0, 0, -0.46769
ELOD, 781, 1, 1, 0, 0, -0.41312, 0, 0, -0.41312
ELOD, 781, 3, 1, 0, 0, -0.46769, 0, 0, -0.46769
ELOD, 782, 1, 1, 0, 0, -0.26103, 0, 0, -0.26103
ELOD, 782, 3, 1, 0, 0, -0.29550, 0, 0, -0.29550
ELOD, 783, 1, 1, 0, 0, -0.26103, 0, 0, -0.26103
ELOD, 783, 3, 1, 0, 0, -0.29550, 0, 0, -0.29550
ELOD, 784, 1, 1, 0, 0, -0.26103, 0, 0, -0.26103
ELOD, 784, 3, 1, 0, 0, -0.29550, 0, 0, -0.29550
ELOD, 785, 1, 1, 0, 0, -0.26103, 0, 0, -0.26103
ELOD, 785, 3, 1, 0, 0, -0.29550, 0, 0, -0.29550
ELOD, 786, 1, 1, 0, 0, -0.26103, 0, 0, -0.26103
ELOD, 786, 3, 1, 0, 0, -0.29550, 0, 0, -0.29550
ELOD, 787, 1, 1, 0, 0, -0.26103, 0, 0, -0.26103
ELOD, 787, 3, 1, 0, 0, -0.29550, 0, 0, -0.29550
ELOD, 788, 1, 1, 0, 0, -0.26103, 0, 0, -0.26103
ELOD, 788, 3, 1, 0, 0, -0.29550, 0, 0, -0.29550
ELOD, 884, 1, 1, 0, 0, -0.48230, 0, 0, -0.48230
ELOD, 884, 3, 1, 0, 0, -0.54600, 0, 0, -0.54600
ELOD, 885, 1, 1, 0, 0, -0.48230, 0, 0, -0.48230
ELOD, 885, 3, 1, 0, 0, -0.54600, 0, 0, -0.54600
ELOD, 886, 1, 1, 0, 0, -0.48230, 0, 0, -0.48230
ELOD, 886, 3, 1, 0, 0, -0.54600, 0, 0, -0.54600
ELOD, 887, 1, 1, 0, 0, -0.48230, 0, 0, -0.48230
ELOD, 887, 3, 1, 0, 0, -0.54600, 0, 0, -0.54600
ELOD, 888, 1, 1, 0, 0, -0.48230, 0, 0, -0.48230
ELOD, 888, 3, 1, 0, 0, -0.54600, 0, 0, -0.54600
ELOD, 889, 1, 1, 0, 0, -0.48230, 0, 0, -0.48230
ELOD, 889, 3, 1, 0, 0, -0.54600, 0, 0, -0.54600
ELOD, 890, 1, 1, 0, 0, -0.48230, 0, 0, -0.48230
ELOD, 890, 3, 1, 0, 0, -0.54600, 0, 0, -0.54600
ELOD, 891, 1, 1, 0, 0, -0.48230, 0, 0, -0.48230
ELOD, 891, 3, 1, 0, 0, -0.54600, 0, 0, -0.54600
ELOD, 892, 1, 1, 0, 0, -0.48230, 0, 0, -0.48230
ELOD, 892, 3, 1, 0, 0, -0.54600, 0, 0, -0.54600
ELOD, 893, 1, 1, 0, 0, -0.48230, 0, 0, -0.48230
ELOD, 893, 3, 1, 0, 0, -0.54600, 0, 0, -0.54600
ELOD, 894, 1, 1, 0, 0, -0.48230, 0, 0, -0.48230
ELOD, 894, 3, 1, 0, 0, -0.54600, 0, 0, -0.54600
ELOD, 895, 1, 1, 0, 0, -0.48230, 0, 0, -0.48230
ELOD, 895, 3, 1, 0, 0, -0.54600, 0, 0, -0.54600
ELOD, 896, 1, 1, 0, 0, -0.48230, 0, 0, -0.48230
ELOD, 896, 3, 1, 0, 0, -0.54600, 0, 0, -0.54600
ELOD, 897, 1, 1, 0, 0, -0.48230, 0, 0, -0.48230
ELOD, 897, 3, 1, 0, 0, -0.54600, 0, 0, -0.54600
ELOD, 898, 1, 1, 0, 0, -0.48230, 0, 0, -0.48230
ELOD, 898, 3, 1, 0, 0, -0.54600, 0, 0, -0.54600
ELOD, 899, 1, 1, 0, 0, -0.48230, 0, 0, -0.48230
ELOD, 899, 3, 1, 0, 0, -0.54600, 0, 0, -0.54600
ELOD, 900, 1, 1, 0, 0, -0.48230, 0, 0, -0.48230
ELOD, 900, 3, 1, 0, 0, -0.54600, 0, 0, -0.54600
ELOD, 901, 1, 1, 0, 0, -0.48230, 0, 0, -0.48230
ELOD, 901, 3, 1, 0, 0, -0.54600, 0, 0, -0.54600
ELOD, 902, 1, 1, 0, 0, -0.48230, 0, 0, -0.48230
ELOD, 902, 3, 1, 0, 0, -0.54600, 0, 0, -0.54600
ELOD, 903, 1, 1, 0, 0, -0.48230, 0, 0, -0.48230
ELOD, 903, 3, 1, 0, 0, -0.54600, 0, 0, -0.54600
ELOD, 904, 1, 1, 0, 0, -0.48230, 0, 0, -0.48230
ELOD, 904, 3, 1, 0, 0, -0.54600, 0, 0, -0.54600
ELOD, 905, 1, 1, 0, 0, -0.48230, 0, 0, -0.48230
ELOD, 905, 3, 1, 0, 0, -0.54600, 0, 0, -0.54600
ELOD, 906, 1, 1, 0, 0, -0.48230, 0, 0, -0.48230
ELOD, 906, 3, 1, 0, 0, -0.54600, 0, 0, -0.54600
ELOD, 907, 1, 1, 0, 0, -0.48230, 0, 0, -0.48230
ELOD, 907, 3, 1, 0, 0, -0.54600, 0, 0, -0.54600
ELOD, 908, 1, 1, 0, 0, -0.48230, 0, 0, -0.48230
ELOD, 908, 3, 1, 0, 0, -0.54600, 0, 0, -0.54600
ELOD, 909, 1, 1, 0, 0, -0.48230, 0, 0, -0.48230
ELOD, 909, 3, 1, 0, 0, -0.54600, 0, 0, -0.54600
ELOD, 910, 1, 1, 0, 0, -0.48230, 0, 0, -0.48230
ELOD, 910, 3, 1, 0, 0, -0.54600, 0, 0, -0.54600
ELOD, 911, 1, 1, 0, 0, -0.48230, 0, 0, -0.48230
ELOD, 911, 3, 1, 0, 0, -0.54600, 0, 0, -0.54600
ELOD, 912, 1, 1, 0, 0, -0.48230, 0, 0, -0.48230
ELOD, 912, 3, 1, 0, 0, -0.54600, 0, 0, -0.54600
ELOD, 913, 1, 1, 0, 0, -0.48230, 0, 0, -0.48230
ELOD, 913, 3, 1, 0, 0, -0.54600, 0, 0, -0.54600
ELOD, 914, 1, 1, 0, 0, -0.48230, 0, 0, -0.48230
ELOD, 914, 3, 1, 0, 0, -0.54600, 0, 0, -0.54600
ELOD, 915, 1, 1, 0, 0, -0.48230, 0, 0, -0.48230
ELOD, 915, 3, 1, 0, 0, -0.54600, 0, 0, -0.54600
ELOD, 916, 1, 1, 0, 0, -0.48230, 0, 0, -0.48230
ELOD, 916, 3, 1, 0, 0, -0.54600, 0, 0, -0.54600
ELOD, 917, 1, 1, 0, 0, -0.48230, 0, 0, -0.48230
ELOD, 917, 3, 1, 0, 0, -0.54600, 0, 0, -0.54600
ELOD, 918, 1, 1, 0, 0, -0.48230, 0, 0, -0.48230
ELOD, 918, 3, 1, 0, 0, -0.54600, 0, 0, -0.54600
ELOD, 919, 1, 1, 0, 0, -0.48230, 0, 0, -0.48230
ELOD, 919, 3, 1, 0, 0, -0.54600, 0, 0, -0.54600
ELOD, 920, 1, 1, 0, 0, -0.48230, 0, 0, -0.48230
ELOD, 920, 3, 1, 0, 0, -0.54600, 0, 0, -0.54600
ELOD, 921, 1, 1, 0, 0, -0.48230, 0, 0, -0.48230
ELOD, 921, 3, 1, 0, 0, -0.54600, 0, 0, -0.54600
ELOD, 922, 1, 1, 0, 0, -0.48230, 0, 0, -0.48230
ELOD, 922, 3, 1, 0, 0, -0.54600, 0, 0, -0.54600
ELOD, 923, 1, 1, 0, 0, -0.48230, 0, 0, -0.48230
ELOD, 923, 3, 1, 0, 0, -0.54600, 0, 0, -0.54600
ELOD, 924, 1, 1, 0, 0, -0.48230, 0, 0, -0.48230
ELOD, 924, 3, 1, 0, 0, -0.54600, 0, 0, -0.54600
ELOD, 925, 1, 1, 0, 0, -0.48230, 0, 0, -0.48230
ELOD, 925, 3, 1, 0, 0, -0.54600, 0, 0, -0.54600
ELOD, 926, 1, 1, 0, 0, -0.48230, 0, 0, -0.48230
ELOD, 926, 3, 1, 0, 0, -0.54600, 0, 0, -0.54600
ELOD, 927, 1, 1, 0, 0, -0.48230, 0, 0, -0.48230
ELOD, 927, 3, 1, 0, 0, -0.54600, 0, 0, -0.54600
ELOD, 928, 1, 1, 0, 0, -0.48230, 0, 0, -0.48230
ELOD, 928, 3, 1, 0, 0, -0.54600, 0, 0, -0.54600
ELOD, 929, 1, 1, 0, 0, -0.48230, 0, 0, -0.48230
ELOD, 929, 3, 1, 0, 0, -0.54600, 0, 0, -0.54600
ELOD, 930, 1, 1, 0, 0, -0.48230, 0, 0, -0.48230
ELOD, 930, 3, 1, 0, 0, -0.54600, 0, 0, -0.54600
ELOD, 931, 1, 1, 0, 0, -0.48230, 0, 0, -0.48230
ELOD, 931, 3, 1, 0, 0, -0.54600, 0, 0, -0.54600
ELOD, 932, 1, 1, 0, 0, -0.48230, 0, 0, -0.48230
ELOD, 932, 3, 1, 0, 0, -0.54600, 0, 0, -0.54600
ELOD, 933, 1, 1, 0, 0, -0.48230, 0, 0, -0.48230
ELOD, 933, 3, 1, 0, 0, -0.54600, 0, 0, -0.54600
ELOD, 934, 1, 1, 0, 0, -0.48230, 0, 0, -0.48230
ELOD, 934, 3, 1, 0, 0, -0.54600, 0, 0, -0.54600
ELOD, 935, 1, 1, 0, 0, -0.48230, 0, 0, -0.48230
ELOD, 935, 3, 1, 0, 0, -0.54600, 0, 0, -0.54600
ELOD, 936, 1, 1, 0, 0, -0.48230, 0, 0, -0.48230
ELOD, 936, 3, 1, 0, 0, -0.54600, 0, 0, -0.54600
ELOD, 937, 1, 1, 0, 0, -0.48230, 0, 0, -0.48230
ELOD, 937, 3, 1, 0, 0, -0.54600, 0, 0, -0.54600
ELOD, 938, 1, 1, 0, 0, -0.48230, 0, 0, -0.48230
ELOD, 938, 3, 1, 0, 0, -0.54600, 0, 0, -0.54600
ELOD, 939, 1, 1, 0, 0, -0.48230, 0, 0, -0.48230
ELOD, 939, 3, 1, 0, 0, -0.54600, 0, 0, -0.54600
ELOD, 940, 1, 1, 0, 0, -0.48230, 0, 0, -0.48230
ELOD, 940, 3, 1, 0, 0, -0.54600, 0, 0, -0.54600
ELOD, 941, 1, 1, 0, 0, -0.48230, 0, 0, -0.48230
ELOD, 941, 3, 1, 0, 0, -0.54600, 0, 0, -0.54600
ELOD, 942, 1, 1, 0, 0, -0.48230, 0, 0, -0.48230
ELOD, 942, 3, 1, 0, 0, -0.54600, 0, 0, -0.54600
ELOD, 943, 1, 1, 0, 0, -0.48230, 0, 0, -0.48230
ELOD, 943, 3, 1, 0, 0, -0.54600, 0, 0, -0.54600
ELOD, 944, 1, 1, 0, 0, -0.48230, 0, 0, -0.48230
ELOD, 944, 3, 1, 0, 0, -0.54600, 0, 0, -0.54600
ELOD, 945, 1, 1, 0, 0, -0.48230, 0, 0, -0.48230
ELOD, 945, 3, 1, 0, 0, -0.54600, 0, 0, -0.54600
ELOD, 946, 1, 1, 0, 0, -0.48230, 0, 0, -0.48230
ELOD, 946, 3, 1, 0, 0, -0.54600, 0, 0, -0.54600
ELOD, 947, 1, 1, 0, 0, -0.48230, 0, 0, -0.48230
ELOD, 947, 3, 1, 0, 0, -0.54600, 0, 0, -0.54600
ELOD, 948, 1, 1, 0, 0, -0.48230, 0, 0, -0.48230
ELOD, 948, 3, 1, 0, 0, -0.54600, 0, 0, -0.54600
ELOD, 949, 1, 1, 0, 0, -0.48230, 0, 0, -0.48230
ELOD, 949, 3, 1, 0, 0, -0.54600, 0, 0, -0.54600
ELOD, 950, 1, 1, 0, 0, -0.48230, 0, 0, -0.48230
ELOD, 950, 3, 1, 0, 0, -0.54600, 0, 0, -0.54600
ELOD, 951, 1, 1, 0, 0, -0.48230, 0, 0, -0.48230
ELOD, 951, 3, 1, 0, 0, -0.54600, 0, 0, -0.54600
ELOD, 952, 1, 1, 0, 0, -0.48230, 0, 0, -0.48230
ELOD, 952, 3, 1, 0, 0, -0.54600, 0, 0, -0.54600
ELOD, 953, 1, 1, 0, 0, -0.48230, 0, 0, -0.48230
ELOD, 953, 3, 1, 0, 0, -0.54600, 0, 0, -0.54600
ELOD, 954, 1, 1, 0, 0, -0.48230, 0, 0, -0.48230
ELOD, 954, 3, 1, 0, 0, -0.54600, 0, 0, -0.54600
ELOD, 955, 1, 1, 0, 0, -0.48230, 0, 0, -0.48230
ELOD, 955, 3, 1, 0, 0, -0.54600, 0, 0, -0.54600
ELOD, 956, 1, 1, 0, 0, -0.48230, 0, 0, -0.48230
ELOD, 956, 3, 1, 0, 0, -0.54600, 0, 0, -0.54600
ELOD, 957, 1, 1, 0, 0, -0.48230, 0, 0, -0.48230
ELOD, 957, 3, 1, 0, 0, -0.54600, 0, 0, -0.54600
ELOD, 958, 1, 1, 0, 0, -0.48230, 0, 0, -0.48230
ELOD, 958, 3, 1, 0, 0, -0.54600, 0, 0, -0.54600
ELOD, 959, 1, 1, 0, 0, -0.48230, 0, 0, -0.48230
ELOD, 959, 3, 1, 0, 0, -0.54600, 0, 0, -0.54600
ELOD, 960, 1, 1, 0, 0, -0.48230, 0, 0, -0.48230
ELOD, 960, 3, 1, 0, 0, -0.54600, 0, 0, -0.54600
ELOD, 961, 1, 1, 0, 0, -0.48230, 0, 0, -0.48230
ELOD, 961, 3, 1, 0, 0, -0.54600, 0, 0, -0.54600
ELOD, 962, 1, 1, 0, 0, -0.48230, 0, 0, -0.48230
ELOD, 962, 3, 1, 0, 0, -0.54600, 0, 0, -0.54600
ELOD, 963, 1, 1, 0, 0, -0.48230, 0, 0, -0.48230
ELOD, 963, 3, 1, 0, 0, -0.54600, 0, 0, -0.54600
ELOD, 964, 1, 1, 0, 0, -0.48230, 0, 0, -0.48230
ELOD, 964, 3, 1, 0, 0, -0.54600, 0, 0, -0.54600
ELOD, 965, 1, 1, 0, 0, -0.48230, 0, 0, -0.48230
ELOD, 965, 3, 1, 0, 0, -0.54600, 0, 0, -0.54600
ELOD, 966, 1, 1, 0, 0, -0.48230, 0, 0, -0.48230
ELOD, 966, 3, 1, 0, 0, -0.54600, 0, 0, -0.54600
ELOD, 967, 1, 1, 0, 0, -0.48230, 0, 0, -0.48230
ELOD, 967, 3, 1, 0, 0, -0.54600, 0, 0, -0.54600
ELOD, 968, 1, 1, 0, 0, -0.48230, 0, 0, -0.48230
ELOD, 968, 3, 1, 0, 0, -0.54600, 0, 0, -0.54600
ELOD, 969, 1, 1, 0, 0, -0.48230, 0, 0, -0.48230
ELOD, 969, 3, 1, 0, 0, -0.54600, 0, 0, -0.54600
ELOD, 970, 1, 1, 0, 0, -0.48230, 0, 0, -0.48230
ELOD, 970, 3, 1, 0, 0, -0.54600, 0, 0, -0.54600
ELOD, 971, 1, 1, 0, 0, -0.48230, 0, 0, -0.48230
ELOD, 971, 3, 1, 0, 0, -0.54600, 0, 0, -0.54600
ELOD, 972, 1, 1, 0, 0, -0.48230, 0, 0, -0.48230
ELOD, 972, 3, 1, 0, 0, -0.54600, 0, 0, -0.54600
ELOD, 973, 1, 1, 0, 0, -0.48230, 0, 0, -0.48230
ELOD, 973, 3, 1, 0, 0, -0.54600, 0, 0, -0.54600
ELOD, 974, 1, 1, 0, 0, -0.48230, 0, 0, -0.48230
ELOD, 974, 3, 1, 0, 0, -0.54600, 0, 0, -0.54600
ELOD, 975, 1, 1, 0, 0, -0.48230, 0, 0, -0.48230
ELOD, 975, 3, 1, 0, 0, -0.54600, 0, 0, -0.54600
ELOD, 976, 1, 1, 0, 0, -0.48230, 0, 0, -0.48230
ELOD, 976, 3, 1, 0, 0, -0.54600, 0, 0, -0.54600
ELOD, 977, 1, 1, 0, 0, -0.48230, 0, 0, -0.48230
ELOD, 977, 3, 1, 0, 0, -0.54600, 0, 0, -0.54600
ELOD, 978, 1, 1, 0, 0, -0.48230, 0, 0, -0.48230
ELOD, 978, 3, 1, 0, 0, -0.54600, 0, 0, -0.54600
ELOD, 979, 1, 1, 0, 0, -0.48230, 0, 0, -0.48230
ELOD, 979, 3, 1, 0, 0, -0.54600, 0, 0, -0.54600
ELOD, 980, 1, 1, 0, 0, -0.48230, 0, 0, -0.48230
ELOD, 980, 3, 1, 0, 0, -0.54600, 0, 0, -0.54600
ELOD, 981, 1, 1, 0, 0, -0.48230, 0, 0, -0.48230
ELOD, 981, 3, 1, 0, 0, -0.54600, 0, 0, -0.54600
ELOD, 982, 1, 1, 0, 0, -0.48230, 0, 0, -0.48230
ELOD, 982, 3, 1, 0, 0, -0.54600, 0, 0, -0.54600
ELOD, 983, 1, 1, 0, 0, -0.48230, 0, 0, -0.48230
ELOD, 983, 3, 1, 0, 0, -0.54600, 0, 0, -0.54600
ELOD, 984, 1, 1, 0, 0, -0.48230, 0, 0, -0.48230
ELOD, 984, 3, 1, 0, 0, -0.54600, 0, 0, -0.54600
ELOD, 985, 1, 1, 0, 0, -0.48230, 0, 0, -0.48230
ELOD, 985, 3, 1, 0, 0, -0.54600, 0, 0, -0.54600
ELOD, 986, 1, 1, 0, 0, -0.48230, 0, 0, -0.48230
ELOD, 986, 3, 1, 0, 0, -0.54600, 0, 0, -0.54600
ELOD, 987, 1, 1, 0, 0, -0.48230, 0, 0, -0.48230
ELOD, 987, 3, 1, 0, 0, -0.54600, 0, 0, -0.54600
ELOD, 988, 1, 1, 0, 0, -0.48230, 0, 0, -0.48230
ELOD, 988, 3, 1, 0, 0, -0.54600, 0, 0, -0.54600
ELOD, 989, 1, 1, 0, 0, -0.48230, 0, 0, -0.48230
ELOD, 989, 3, 1, 0, 0, -0.54600, 0, 0, -0.54600
ELOD, 990, 1, 1, 0, 0, -0.48230, 0, 0, -0.48230
ELOD, 990, 3, 1, 0, 0, -0.54600, 0, 0, -0.54600
ELOD, 991, 1, 1, 0, 0, -0.48230, 0, 0, -0.48230
ELOD, 991, 3, 1, 0, 0, -0.54600, 0, 0, -0.54600
ELOD, 992, 1, 1, 0, 0, -0.48230, 0, 0, -0.48230
ELOD, 992, 3, 1, 0, 0, -0.54600, 0, 0, -0.54600
ELOD, 993, 1, 1, 0, 0, -0.48230, 0, 0, -0.48230
ELOD, 993, 3, 1, 0, 0, -0.54600, 0, 0, -0.54600
ELOD, 994, 1, 1, 0, 0, -0.48230, 0, 0, -0.48230
ELOD, 994, 3, 1, 0, 0, -0.54600, 0, 0, -0.54600
ELOD, 995, 1, 1, 0, 0, -0.48230, 0, 0, -0.48230
ELOD, 995, 3, 1, 0, 0, -0.54600, 0, 0, -0.54600
ELOD, 996, 1, 1, 0, 0, -0.50218, 0, 0, -0.50218
ELOD, 996, 3, 1, 0, 0, -0.56850, 0, 0, -0.56850
ELOD, 997, 1, 1, 0, 0, -0.50218, 0, 0, -0.50218
ELOD, 997, 3, 1, 0, 0, -0.56850, 0, 0, -0.56850
ELOD, 998, 1, 1, 0, 0, -0.50218, 0, 0, -0.50218
ELOD, 998, 3, 1, 0, 0, -0.56850, 0, 0, -0.56850
ELOD, 999, 1, 1, 0, 0, -0.50218, 0, 0, -0.50218
ELOD, 999, 3, 1, 0, 0, -0.56850, 0, 0, -0.56850
ELOD, 1000, 1, 1, 0, 0, -0.50218, 0, 0, -0.50218
ELOD, 1000, 3, 1, 0, 0, -0.56850, 0, 0, -0.56850
ELOD, 1001, 1, 1, 0, 0, -0.50218, 0, 0, -0.50218
ELOD, 1001, 3, 1, 0, 0, -0.56850, 0, 0, -0.56850
ELOD, 1002, 1, 1, 0, 0, -0.50218, 0, 0, -0.50218
ELOD, 1002, 3, 1, 0, 0, -0.56850, 0, 0, -0.56850

# --- GRAVITY(GLOD) --- self weight of all members (gamma from MATE) in LC 1
GLOD, 1, 0.0, 0.0, -9.80665
